Name,Type,Description,CounterType
Abomasnow,Fairy,Abomasnow is known for its unique abilities and role in battles.,"Poison, Steel"
Abra,Grass,Abra is known for its unique abilities and role in battles.,"Fire, Flying, Poison"
Absol,Electric,Absol is known for its unique abilities and role in battles.,Ground
Accelgor,Dark,Accelgor is known for its unique abilities and role in battles.,"Fighting, Bug, Fairy"
Aegislash-shield,Psychic,Aegislash-shield is known for its unique abilities and role in battles.,"Bug, Ghost, Dark"
Aerodactyl,Dark,Aerodactyl is known for its unique abilities and role in battles.,"Fighting, Bug, Fairy"
Aggron,Bug,Aggron is known for its unique abilities and role in battles.,"Fire, Flying, Rock"
Aipom,Psychic,Aipom is known for its unique abilities and role in battles.,"Bug, Ghost, Dark"
Alakazam,Fairy,Alakazam is known for its unique abilities and role in battles.,"Poison, Steel"
Alcremie,Dragon,Alcremie is known for its unique abilities and role in battles.,"Ice, Dragon, Fairy"
Alomomola,Rock,Alomomola is known for its unique abilities and role in battles.,"Water, Grass, Fighting"
Altaria,Bug,Altaria is known for its unique abilities and role in battles.,"Fire, Flying, Rock"
Amaura,Electric,Amaura is known for its unique abilities and role in battles.,Ground
Ambipom,Grass,Ambipom is known for its unique abilities and role in battles.,"Fire, Flying, Poison"
Amoonguss,Fairy,Amoonguss is known for its unique abilities and role in battles.,"Poison, Steel"
Ampharos,Ice,Ampharos is known for its unique abilities and role in battles.,"Fire, Fighting, Steel"
Annihilape,Water,Annihilape is known for its unique abilities and role in battles.,"Electric, Grass"
Anorith,Dark,Anorith is known for its unique abilities and role in battles.,"Fighting, Bug, Fairy"
Appletun,Dark,Appletun is known for its unique abilities and role in battles.,"Fighting, Bug, Fairy"
Applin,Psychic,Applin is known for its unique abilities and role in battles.,"Bug, Ghost, Dark"
Araquanid,Dark,Araquanid is known for its unique abilities and role in battles.,"Fighting, Bug, Fairy"
Arbok,Fire,Arbok is known for its unique abilities and role in battles.,"Water, Rock, Ground"
Arboliva,Electric,Arboliva is known for its unique abilities and role in battles.,Ground
Arcanine,Fire,Arcanine is known for its unique abilities and role in battles.,"Water, Rock, Ground"
Arceus,Ice,Arceus is known for its unique abilities and role in battles.,"Fire, Fighting, Steel"
Archen,Rock,Archen is known for its unique abilities and role in battles.,"Water, Grass, Fighting"
Archeops,Grass,Archeops is known for its unique abilities and role in battles.,"Fire, Flying, Poison"
Arctibax,Dragon,Arctibax is known for its unique abilities and role in battles.,"Ice, Dragon, Fairy"
Arctovish,Grass,Arctovish is known for its unique abilities and role in battles.,"Fire, Flying, Poison"
Arctozolt,Rock,Arctozolt is known for its unique abilities and role in battles.,"Water, Grass, Fighting"
Ariados,Fairy,Ariados is known for its unique abilities and role in battles.,"Poison, Steel"
Armaldo,Fairy,Armaldo is known for its unique abilities and role in battles.,"Poison, Steel"
Armarouge,Psychic,Armarouge is known for its unique abilities and role in battles.,"Bug, Ghost, Dark"
Aromatisse,Psychic,Aromatisse is known for its unique abilities and role in battles.,"Bug, Ghost, Dark"
Aron,Dragon,Aron is known for its unique abilities and role in battles.,"Ice, Dragon, Fairy"
Arrokuda,Electric,Arrokuda is known for its unique abilities and role in battles.,Ground
Articuno,Water,Articuno is known for its unique abilities and role in battles.,"Electric, Grass"
Audino,Dark,Audino is known for its unique abilities and role in battles.,"Fighting, Bug, Fairy"
Aurorus,Psychic,Aurorus is known for its unique abilities and role in battles.,"Bug, Ghost, Dark"
Avalugg,Grass,Avalugg is known for its unique abilities and role in battles.,"Fire, Flying, Poison"
Axew,Bug,Axew is known for its unique abilities and role in battles.,"Fire, Flying, Rock"
Azelf,Dark,Azelf is known for its unique abilities and role in battles.,"Fighting, Bug, Fairy"
Azumarill,Dragon,Azumarill is known for its unique abilities and role in battles.,"Ice, Dragon, Fairy"
Azurill,Electric,Azurill is known for its unique abilities and role in battles.,Ground
Bagon,Dark,Bagon is known for its unique abilities and role in battles.,"Fighting, Bug, Fairy"
Baltoy,Rock,Baltoy is known for its unique abilities and role in battles.,"Water, Grass, Fighting"
Banette,Bug,Banette is known for its unique abilities and role in battles.,"Fire, Flying, Rock"
Barbaracle,Bug,Barbaracle is known for its unique abilities and role in battles.,"Fire, Flying, Rock"
Barboach,Ice,Barboach is known for its unique abilities and role in battles.,"Fire, Fighting, Steel"
Barraskewda,Grass,Barraskewda is known for its unique abilities and role in battles.,"Fire, Flying, Poison"
Basculegion-male,Dragon,Basculegion-male is known for its unique abilities and role in battles.,"Ice, Dragon, Fairy"
Basculin-red-striped,Water,Basculin-red-striped is known for its unique abilities and role in battles.,"Electric, Grass"
Bastiodon,Psychic,Bastiodon is known for its unique abilities and role in battles.,"Bug, Ghost, Dark"
Baxcalibur,Rock,Baxcalibur is known for its unique abilities and role in battles.,"Water, Grass, Fighting"
Bayleef,Fire,Bayleef is known for its unique abilities and role in battles.,"Water, Rock, Ground"
Beartic,Dark,Beartic is known for its unique abilities and role in battles.,"Fighting, Bug, Fairy"
Beautifly,Fire,Beautifly is known for its unique abilities and role in battles.,"Water, Rock, Ground"
Beedrill,Fairy,Beedrill is known for its unique abilities and role in battles.,"Poison, Steel"
Beheeyem,Dragon,Beheeyem is known for its unique abilities and role in battles.,"Ice, Dragon, Fairy"
Beldum,Electric,Beldum is known for its unique abilities and role in battles.,Ground
Bellibolt,Ice,Bellibolt is known for its unique abilities and role in battles.,"Fire, Fighting, Steel"
Bellossom,Fire,Bellossom is known for its unique abilities and role in battles.,"Water, Rock, Ground"
Bellsprout,Fire,Bellsprout is known for its unique abilities and role in battles.,"Water, Rock, Ground"
Bergmite,Grass,Bergmite is known for its unique abilities and role in battles.,"Fire, Flying, Poison"
Bewear,Rock,Bewear is known for its unique abilities and role in battles.,"Water, Grass, Fighting"
Bibarel,Ice,Bibarel is known for its unique abilities and role in battles.,"Fire, Fighting, Steel"
Bidoof,Ice,Bidoof is known for its unique abilities and role in battles.,"Fire, Fighting, Steel"
Binacle,Ice,Binacle is known for its unique abilities and role in battles.,"Fire, Fighting, Steel"
Bisharp,Fire,Bisharp is known for its unique abilities and role in battles.,"Water, Rock, Ground"
Blacephalon,Bug,Blacephalon is known for its unique abilities and role in battles.,"Fire, Flying, Rock"
Blastoise,Rock,Blastoise is known for its unique abilities and role in battles.,"Water, Grass, Fighting"
Blaziken,Water,Blaziken is known for its unique abilities and role in battles.,"Electric, Grass"
Blipbug,Water,Blipbug is known for its unique abilities and role in battles.,"Electric, Grass"
Blissey,Rock,Blissey is known for its unique abilities and role in battles.,"Water, Grass, Fighting"
Blitzle,Rock,Blitzle is known for its unique abilities and role in battles.,"Water, Grass, Fighting"
Boldore,Water,Boldore is known for its unique abilities and role in battles.,"Electric, Grass"
Boltund,Grass,Boltund is known for its unique abilities and role in battles.,"Fire, Flying, Poison"
Bombirdier,Bug,Bombirdier is known for its unique abilities and role in battles.,"Fire, Flying, Rock"
Bonsly,Ice,Bonsly is known for its unique abilities and role in battles.,"Fire, Fighting, Steel"
Bouffalant,Ice,Bouffalant is known for its unique abilities and role in battles.,"Fire, Fighting, Steel"
Bounsweet,Fire,Bounsweet is known for its unique abilities and role in battles.,"Water, Rock, Ground"
Braixen,Fairy,Braixen is known for its unique abilities and role in battles.,"Poison, Steel"
Brambleghast,Psychic,Brambleghast is known for its unique abilities and role in battles.,"Bug, Ghost, Dark"
Bramblin,Fire,Bramblin is known for its unique abilities and role in battles.,"Water, Rock, Ground"
Braviary,Water,Braviary is known for its unique abilities and role in battles.,"Electric, Grass"
Breloom,Electric,Breloom is known for its unique abilities and role in battles.,Ground
Brionne,Fairy,Brionne is known for its unique abilities and role in battles.,"Poison, Steel"
Bronzong,Bug,Bronzong is known for its unique abilities and role in battles.,"Fire, Flying, Rock"
Bronzor,Psychic,Bronzor is known for its unique abilities and role in battles.,"Bug, Ghost, Dark"
Brute-bonnet,Psychic,Brute-bonnet is known for its unique abilities and role in battles.,"Bug, Ghost, Dark"
Bruxish,Rock,Bruxish is known for its unique abilities and role in battles.,"Water, Grass, Fighting"
Budew,Electric,Budew is known for its unique abilities and role in battles.,Ground
Buizel,Dark,Buizel is known for its unique abilities and role in battles.,"Fighting, Bug, Fairy"
Bulbasaur,Rock,Bulbasaur is known for its unique abilities and role in battles.,"Water, Grass, Fighting"
Buneary,Fire,Buneary is known for its unique abilities and role in battles.,"Water, Rock, Ground"
Bunnelby,Grass,Bunnelby is known for its unique abilities and role in battles.,"Fire, Flying, Poison"
Burmy,Dragon,Burmy is known for its unique abilities and role in battles.,"Ice, Dragon, Fairy"
Butterfree,Grass,Butterfree is known for its unique abilities and role in battles.,"Fire, Flying, Poison"
Buzzwole,Electric,Buzzwole is known for its unique abilities and role in battles.,Ground
Cacnea,Electric,Cacnea is known for its unique abilities and role in battles.,Ground
Cacturne,Fairy,Cacturne is known for its unique abilities and role in battles.,"Poison, Steel"
Calyrex,Psychic,Calyrex is known for its unique abilities and role in battles.,"Bug, Ghost, Dark"
Camerupt,Dark,Camerupt is known for its unique abilities and role in battles.,"Fighting, Bug, Fairy"
Capsakid,Ice,Capsakid is known for its unique abilities and role in battles.,"Fire, Fighting, Steel"
Carbink,Rock,Carbink is known for its unique abilities and role in battles.,"Water, Grass, Fighting"
Carkol,Bug,Carkol is known for its unique abilities and role in battles.,"Fire, Flying, Rock"
Carnivine,Fire,Carnivine is known for its unique abilities and role in battles.,"Water, Rock, Ground"
Carracosta,Dark,Carracosta is known for its unique abilities and role in battles.,"Fighting, Bug, Fairy"
Carvanha,Rock,Carvanha is known for its unique abilities and role in battles.,"Water, Grass, Fighting"
Cascoon,Dragon,Cascoon is known for its unique abilities and role in battles.,"Ice, Dragon, Fairy"
Castform,Dark,Castform is known for its unique abilities and role in battles.,"Fighting, Bug, Fairy"
Caterpie,Electric,Caterpie is known for its unique abilities and role in battles.,Ground
Celebi,Ice,Celebi is known for its unique abilities and role in battles.,"Fire, Fighting, Steel"
Celesteela,Water,Celesteela is known for its unique abilities and role in battles.,"Electric, Grass"
Centiskorch,Ice,Centiskorch is known for its unique abilities and role in battles.,"Fire, Fighting, Steel"
Ceruledge,Bug,Ceruledge is known for its unique abilities and role in battles.,"Fire, Flying, Rock"
Cetitan,Psychic,Cetitan is known for its unique abilities and role in battles.,"Bug, Ghost, Dark"
Cetoddle,Rock,Cetoddle is known for its unique abilities and role in battles.,"Water, Grass, Fighting"
Chandelure,Bug,Chandelure is known for its unique abilities and role in battles.,"Fire, Flying, Rock"
Chansey,Dragon,Chansey is known for its unique abilities and role in battles.,"Ice, Dragon, Fairy"
Charcadet,Rock,Charcadet is known for its unique abilities and role in battles.,"Water, Grass, Fighting"
Charizard,Fire,Charizard is known for its unique abilities and role in battles.,"Water, Rock, Ground"
Charjabug,Ice,Charjabug is known for its unique abilities and role in battles.,"Fire, Fighting, Steel"
Charmander,Fairy,Charmander is known for its unique abilities and role in battles.,"Poison, Steel"
Charmeleon,Dragon,Charmeleon is known for its unique abilities and role in battles.,"Ice, Dragon, Fairy"
Chatot,Fairy,Chatot is known for its unique abilities and role in battles.,"Poison, Steel"
Cherrim,Water,Cherrim is known for its unique abilities and role in battles.,"Electric, Grass"
Cherubi,Water,Cherubi is known for its unique abilities and role in battles.,"Electric, Grass"
Chesnaught,Water,Chesnaught is known for its unique abilities and role in battles.,"Electric, Grass"
Chespin,Dragon,Chespin is known for its unique abilities and role in battles.,"Ice, Dragon, Fairy"
Chewtle,Ice,Chewtle is known for its unique abilities and role in battles.,"Fire, Fighting, Steel"
Chikorita,Dragon,Chikorita is known for its unique abilities and role in battles.,"Ice, Dragon, Fairy"
Chimchar,Dragon,Chimchar is known for its unique abilities and role in battles.,"Ice, Dragon, Fairy"
Chimecho,Dragon,Chimecho is known for its unique abilities and role in battles.,"Ice, Dragon, Fairy"
Chinchou,Water,Chinchou is known for its unique abilities and role in battles.,"Electric, Grass"
Chingling,Fairy,Chingling is known for its unique abilities and role in battles.,"Poison, Steel"
Cinccino,Ice,Cinccino is known for its unique abilities and role in battles.,"Fire, Fighting, Steel"
Cinderace,Psychic,Cinderace is known for its unique abilities and role in battles.,"Bug, Ghost, Dark"
Clamperl,Bug,Clamperl is known for its unique abilities and role in battles.,"Fire, Flying, Rock"
Clauncher,Ice,Clauncher is known for its unique abilities and role in battles.,"Fire, Fighting, Steel"
Clawitzer,Dark,Clawitzer is known for its unique abilities and role in battles.,"Fighting, Bug, Fairy"
Claydol,Dark,Claydol is known for its unique abilities and role in battles.,"Fighting, Bug, Fairy"
Clefable,Grass,Clefable is known for its unique abilities and role in battles.,"Fire, Flying, Poison"
Clefairy,Water,Clefairy is known for its unique abilities and role in battles.,"Electric, Grass"
Cleffa,Ice,Cleffa is known for its unique abilities and role in battles.,"Fire, Fighting, Steel"
Clobbopus,Ice,Clobbopus is known for its unique abilities and role in battles.,"Fire, Fighting, Steel"
Clodsire,Electric,Clodsire is known for its unique abilities and role in battles.,Ground
Cloyster,Rock,Cloyster is known for its unique abilities and role in battles.,"Water, Grass, Fighting"
Coalossal,Psychic,Coalossal is known for its unique abilities and role in battles.,"Bug, Ghost, Dark"
Cobalion,Electric,Cobalion is known for its unique abilities and role in battles.,Ground
Cofagrigus,Electric,Cofagrigus is known for its unique abilities and role in battles.,Ground
Combee,Water,Combee is known for its unique abilities and role in battles.,"Electric, Grass"
Combusken,Bug,Combusken is known for its unique abilities and role in battles.,"Fire, Flying, Rock"
Comfey,Dark,Comfey is known for its unique abilities and role in battles.,"Fighting, Bug, Fairy"
Conkeldurr,Ice,Conkeldurr is known for its unique abilities and role in battles.,"Fire, Fighting, Steel"
Copperajah,Dark,Copperajah is known for its unique abilities and role in battles.,"Fighting, Bug, Fairy"
Corphish,Ice,Corphish is known for its unique abilities and role in battles.,"Fire, Fighting, Steel"
Corsola,Dragon,Corsola is known for its unique abilities and role in battles.,"Ice, Dragon, Fairy"
Corviknight,Fire,Corviknight is known for its unique abilities and role in battles.,"Water, Rock, Ground"
Corvisquire,Dragon,Corvisquire is known for its unique abilities and role in battles.,"Ice, Dragon, Fairy"
Cosmoem,Dragon,Cosmoem is known for its unique abilities and role in battles.,"Ice, Dragon, Fairy"
Cosmog,Electric,Cosmog is known for its unique abilities and role in battles.,Ground
Cottonee,Water,Cottonee is known for its unique abilities and role in battles.,"Electric, Grass"
Crabominable,Grass,Crabominable is known for its unique abilities and role in battles.,"Fire, Flying, Poison"
Crabrawler,Dark,Crabrawler is known for its unique abilities and role in battles.,"Fighting, Bug, Fairy"
Cradily,Fairy,Cradily is known for its unique abilities and role in battles.,"Poison, Steel"
Cramorant,Dragon,Cramorant is known for its unique abilities and role in battles.,"Ice, Dragon, Fairy"
Cranidos,Fairy,Cranidos is known for its unique abilities and role in battles.,"Poison, Steel"
Crawdaunt,Psychic,Crawdaunt is known for its unique abilities and role in battles.,"Bug, Ghost, Dark"
Cresselia,Dragon,Cresselia is known for its unique abilities and role in battles.,"Ice, Dragon, Fairy"
Croagunk,Ice,Croagunk is known for its unique abilities and role in battles.,"Fire, Fighting, Steel"
Crobat,Fairy,Crobat is known for its unique abilities and role in battles.,"Poison, Steel"
Crocalor,Fire,Crocalor is known for its unique abilities and role in battles.,"Water, Rock, Ground"
Croconaw,Dragon,Croconaw is known for its unique abilities and role in battles.,"Ice, Dragon, Fairy"
Crustle,Water,Crustle is known for its unique abilities and role in battles.,"Electric, Grass"
Cryogonal,Fairy,Cryogonal is known for its unique abilities and role in battles.,"Poison, Steel"
Cubchoo,Bug,Cubchoo is known for its unique abilities and role in battles.,"Fire, Flying, Rock"
Cubone,Electric,Cubone is known for its unique abilities and role in battles.,Ground
Cufant,Fairy,Cufant is known for its unique abilities and role in battles.,"Poison, Steel"
Cursola,Fairy,Cursola is known for its unique abilities and role in battles.,"Poison, Steel"
Cutiefly,Grass,Cutiefly is known for its unique abilities and role in battles.,"Fire, Flying, Poison"
Cyclizar,Fairy,Cyclizar is known for its unique abilities and role in battles.,"Poison, Steel"
Cyndaquil,Fire,Cyndaquil is known for its unique abilities and role in battles.,"Water, Rock, Ground"
Dachsbun,Dragon,Dachsbun is known for its unique abilities and role in battles.,"Ice, Dragon, Fairy"
Darkrai,Water,Darkrai is known for its unique abilities and role in battles.,"Electric, Grass"
Darmanitan-standard,Electric,Darmanitan-standard is known for its unique abilities and role in battles.,Ground
Dartrix,Ice,Dartrix is known for its unique abilities and role in battles.,"Fire, Fighting, Steel"
Darumaka,Grass,Darumaka is known for its unique abilities and role in battles.,"Fire, Flying, Poison"
Decidueye,Electric,Decidueye is known for its unique abilities and role in battles.,Ground
Dedenne,Psychic,Dedenne is known for its unique abilities and role in battles.,"Bug, Ghost, Dark"
Deerling,Fairy,Deerling is known for its unique abilities and role in battles.,"Poison, Steel"
Deino,Bug,Deino is known for its unique abilities and role in battles.,"Fire, Flying, Rock"
Delcatty,Rock,Delcatty is known for its unique abilities and role in battles.,"Water, Grass, Fighting"
Delibird,Rock,Delibird is known for its unique abilities and role in battles.,"Water, Grass, Fighting"
Delphox,Dragon,Delphox is known for its unique abilities and role in battles.,"Ice, Dragon, Fairy"
Deoxys-normal,Rock,Deoxys-normal is known for its unique abilities and role in battles.,"Water, Grass, Fighting"
Dewgong,Dark,Dewgong is known for its unique abilities and role in battles.,"Fighting, Bug, Fairy"
Dewott,Dragon,Dewott is known for its unique abilities and role in battles.,"Ice, Dragon, Fairy"
Dewpider,Bug,Dewpider is known for its unique abilities and role in battles.,"Fire, Flying, Rock"
Dhelmise,Dark,Dhelmise is known for its unique abilities and role in battles.,"Fighting, Bug, Fairy"
Dialga,Water,Dialga is known for its unique abilities and role in battles.,"Electric, Grass"
Diancie,Ice,Diancie is known for its unique abilities and role in battles.,"Fire, Fighting, Steel"
Diggersby,Electric,Diggersby is known for its unique abilities and role in battles.,Ground
Diglett,Grass,Diglett is known for its unique abilities and role in battles.,"Fire, Flying, Poison"
Ditto,Fire,Ditto is known for its unique abilities and role in battles.,"Water, Rock, Ground"
Dodrio,Ice,Dodrio is known for its unique abilities and role in battles.,"Fire, Fighting, Steel"
Doduo,Dark,Doduo is known for its unique abilities and role in battles.,"Fighting, Bug, Fairy"
Dolliv,Grass,Dolliv is known for its unique abilities and role in battles.,"Fire, Flying, Poison"
Dondozo,Psychic,Dondozo is known for its unique abilities and role in battles.,"Bug, Ghost, Dark"
Donphan,Bug,Donphan is known for its unique abilities and role in battles.,"Fire, Flying, Rock"
Dottler,Electric,Dottler is known for its unique abilities and role in battles.,Ground
Doublade,Rock,Doublade is known for its unique abilities and role in battles.,"Water, Grass, Fighting"
Dracovish,Dark,Dracovish is known for its unique abilities and role in battles.,"Fighting, Bug, Fairy"
Dracozolt,Electric,Dracozolt is known for its unique abilities and role in battles.,Ground
Dragalge,Ice,Dragalge is known for its unique abilities and role in battles.,"Fire, Fighting, Steel"
Dragapult,Electric,Dragapult is known for its unique abilities and role in battles.,Ground
Dragonair,Fire,Dragonair is known for its unique abilities and role in battles.,"Water, Rock, Ground"
Dragonite,Fire,Dragonite is known for its unique abilities and role in battles.,"Water, Rock, Ground"
Drakloak,Fire,Drakloak is known for its unique abilities and role in battles.,"Water, Rock, Ground"
Drampa,Ice,Drampa is known for its unique abilities and role in battles.,"Fire, Fighting, Steel"
Drapion,Dark,Drapion is known for its unique abilities and role in battles.,"Fighting, Bug, Fairy"
Dratini,Rock,Dratini is known for its unique abilities and role in battles.,"Water, Grass, Fighting"
Drednaw,Psychic,Drednaw is known for its unique abilities and role in battles.,"Bug, Ghost, Dark"
Dreepy,Psychic,Dreepy is known for its unique abilities and role in battles.,"Bug, Ghost, Dark"
Drifblim,Bug,Drifblim is known for its unique abilities and role in battles.,"Fire, Flying, Rock"
Drifloon,Ice,Drifloon is known for its unique abilities and role in battles.,"Fire, Fighting, Steel"
Drilbur,Electric,Drilbur is known for its unique abilities and role in battles.,Ground
Drizzile,Fairy,Drizzile is known for its unique abilities and role in battles.,"Poison, Steel"
Drowzee,Water,Drowzee is known for its unique abilities and role in battles.,"Electric, Grass"
Druddigon,Water,Druddigon is known for its unique abilities and role in battles.,"Electric, Grass"
Dubwool,Fire,Dubwool is known for its unique abilities and role in battles.,"Water, Rock, Ground"
Ducklett,Grass,Ducklett is known for its unique abilities and role in battles.,"Fire, Flying, Poison"
Dudunsparce-two-segment,Fire,Dudunsparce-two-segment is known for its unique abilities and role in battles.,"Water, Rock, Ground"
Dugtrio,Grass,Dugtrio is known for its unique abilities and role in battles.,"Fire, Flying, Poison"
Dunsparce,Grass,Dunsparce is known for its unique abilities and role in battles.,"Fire, Flying, Poison"
Duosion,Water,Duosion is known for its unique abilities and role in battles.,"Electric, Grass"
Duraludon,Ice,Duraludon is known for its unique abilities and role in battles.,"Fire, Fighting, Steel"
Durant,Bug,Durant is known for its unique abilities and role in battles.,"Fire, Flying, Rock"
Dusclops,Electric,Dusclops is known for its unique abilities and role in battles.,Ground
Dusknoir,Fairy,Dusknoir is known for its unique abilities and role in battles.,"Poison, Steel"
Duskull,Ice,Duskull is known for its unique abilities and role in battles.,"Fire, Fighting, Steel"
Dustox,Bug,Dustox is known for its unique abilities and role in battles.,"Fire, Flying, Rock"
Dwebble,Rock,Dwebble is known for its unique abilities and role in battles.,"Water, Grass, Fighting"
Eelektrik,Electric,Eelektrik is known for its unique abilities and role in battles.,Ground
Eelektross,Fairy,Eelektross is known for its unique abilities and role in battles.,"Poison, Steel"
Eevee,Ice,Eevee is known for its unique abilities and role in battles.,"Fire, Fighting, Steel"
Eiscue-ice,Water,Eiscue-ice is known for its unique abilities and role in battles.,"Electric, Grass"
Ekans,Fairy,Ekans is known for its unique abilities and role in battles.,"Poison, Steel"
Eldegoss,Dark,Eldegoss is known for its unique abilities and role in battles.,"Fighting, Bug, Fairy"
Electabuzz,Fairy,Electabuzz is known for its unique abilities and role in battles.,"Poison, Steel"
Electivire,Ice,Electivire is known for its unique abilities and role in battles.,"Fire, Fighting, Steel"
Electrike,Ice,Electrike is known for its unique abilities and role in battles.,"Fire, Fighting, Steel"
Electrode,Grass,Electrode is known for its unique abilities and role in battles.,"Fire, Flying, Poison"
Elekid,Bug,Elekid is known for its unique abilities and role in battles.,"Fire, Flying, Rock"
Elgyem,Psychic,Elgyem is known for its unique abilities and role in battles.,"Bug, Ghost, Dark"
Emboar,Fire,Emboar is known for its unique abilities and role in battles.,"Water, Rock, Ground"
Emolga,Water,Emolga is known for its unique abilities and role in battles.,"Electric, Grass"
Empoleon,Psychic,Empoleon is known for its unique abilities and role in battles.,"Bug, Ghost, Dark"
Enamorus-incarnate,Bug,Enamorus-incarnate is known for its unique abilities and role in battles.,"Fire, Flying, Rock"
Entei,Dark,Entei is known for its unique abilities and role in battles.,"Fighting, Bug, Fairy"
Escavalier,Dark,Escavalier is known for its unique abilities and role in battles.,"Fighting, Bug, Fairy"
Espathra,Electric,Espathra is known for its unique abilities and role in battles.,Ground
Espeon,Ice,Espeon is known for its unique abilities and role in battles.,"Fire, Fighting, Steel"
Espurr,Dragon,Espurr is known for its unique abilities and role in battles.,"Ice, Dragon, Fairy"
Eternatus,Grass,Eternatus is known for its unique abilities and role in battles.,"Fire, Flying, Poison"
Excadrill,Bug,Excadrill is known for its unique abilities and role in battles.,"Fire, Flying, Rock"
Exeggcute,Psychic,Exeggcute is known for its unique abilities and role in battles.,"Bug, Ghost, Dark"
Exeggutor,Fire,Exeggutor is known for its unique abilities and role in battles.,"Water, Rock, Ground"
Exploud,Ice,Exploud is known for its unique abilities and role in battles.,"Fire, Fighting, Steel"
Falinks,Psychic,Falinks is known for its unique abilities and role in battles.,"Bug, Ghost, Dark"
Farfetchd,Ice,Farfetchd is known for its unique abilities and role in battles.,"Fire, Fighting, Steel"
Farigiraf,Bug,Farigiraf is known for its unique abilities and role in battles.,"Fire, Flying, Rock"
Fearow,Electric,Fearow is known for its unique abilities and role in battles.,Ground
Feebas,Fairy,Feebas is known for its unique abilities and role in battles.,"Poison, Steel"
Fennekin,Dark,Fennekin is known for its unique abilities and role in battles.,"Fighting, Bug, Fairy"
Feraligatr,Fairy,Feraligatr is known for its unique abilities and role in battles.,"Poison, Steel"
Ferroseed,Dragon,Ferroseed is known for its unique abilities and role in battles.,"Ice, Dragon, Fairy"
Ferrothorn,Grass,Ferrothorn is known for its unique abilities and role in battles.,"Fire, Flying, Poison"
Fidough,Fairy,Fidough is known for its unique abilities and role in battles.,"Poison, Steel"
Finizen,Fairy,Finizen is known for its unique abilities and role in battles.,"Poison, Steel"
Finneon,Fairy,Finneon is known for its unique abilities and role in battles.,"Poison, Steel"
Flaaffy,Electric,Flaaffy is known for its unique abilities and role in battles.,Ground
Flabebe,Bug,Flabebe is known for its unique abilities and role in battles.,"Fire, Flying, Rock"
Flamigo,Psychic,Flamigo is known for its unique abilities and role in battles.,"Bug, Ghost, Dark"
Flapple,Rock,Flapple is known for its unique abilities and role in battles.,"Water, Grass, Fighting"
Flareon,Grass,Flareon is known for its unique abilities and role in battles.,"Fire, Flying, Poison"
Fletchinder,Water,Fletchinder is known for its unique abilities and role in battles.,"Electric, Grass"
Fletchling,Dragon,Fletchling is known for its unique abilities and role in battles.,"Ice, Dragon, Fairy"
Flittle,Dragon,Flittle is known for its unique abilities and role in battles.,"Ice, Dragon, Fairy"
Floatzel,Dark,Floatzel is known for its unique abilities and role in battles.,"Fighting, Bug, Fairy"
Floette,Fire,Floette is known for its unique abilities and role in battles.,"Water, Rock, Ground"
Floragato,Dark,Floragato is known for its unique abilities and role in battles.,"Fighting, Bug, Fairy"
Florges,Psychic,Florges is known for its unique abilities and role in battles.,"Bug, Ghost, Dark"
Flutter-mane,Fire,Flutter-mane is known for its unique abilities and role in battles.,"Water, Rock, Ground"
Flygon,Electric,Flygon is known for its unique abilities and role in battles.,Ground
Fomantis,Bug,Fomantis is known for its unique abilities and role in battles.,"Fire, Flying, Rock"
Foongus,Rock,Foongus is known for its unique abilities and role in battles.,"Water, Grass, Fighting"
Forretress,Fire,Forretress is known for its unique abilities and role in battles.,"Water, Rock, Ground"
Fraxure,Bug,Fraxure is known for its unique abilities and role in battles.,"Fire, Flying, Rock"
Frigibax,Fire,Frigibax is known for its unique abilities and role in battles.,"Water, Rock, Ground"
Frillish,Electric,Frillish is known for its unique abilities and role in battles.,Ground
Froakie,Grass,Froakie is known for its unique abilities and role in battles.,"Fire, Flying, Poison"
Frogadier,Grass,Frogadier is known for its unique abilities and role in battles.,"Fire, Flying, Poison"
Froslass,Dark,Froslass is known for its unique abilities and role in battles.,"Fighting, Bug, Fairy"
Frosmoth,Dark,Frosmoth is known for its unique abilities and role in battles.,"Fighting, Bug, Fairy"
Fuecoco,Dragon,Fuecoco is known for its unique abilities and role in battles.,"Ice, Dragon, Fairy"
Furfrou,Dark,Furfrou is known for its unique abilities and role in battles.,"Fighting, Bug, Fairy"
Furret,Rock,Furret is known for its unique abilities and role in battles.,"Water, Grass, Fighting"
Gabite,Electric,Gabite is known for its unique abilities and role in battles.,Ground
Gallade,Grass,Gallade is known for its unique abilities and role in battles.,"Fire, Flying, Poison"
Galvantula,Fairy,Galvantula is known for its unique abilities and role in battles.,"Poison, Steel"
Garbodor,Fire,Garbodor is known for its unique abilities and role in battles.,"Water, Rock, Ground"
Garchomp,Dragon,Garchomp is known for its unique abilities and role in battles.,"Ice, Dragon, Fairy"
Gardevoir,Grass,Gardevoir is known for its unique abilities and role in battles.,"Fire, Flying, Poison"
Garganacl,Dark,Garganacl is known for its unique abilities and role in battles.,"Fighting, Bug, Fairy"
Gastly,Bug,Gastly is known for its unique abilities and role in battles.,"Fire, Flying, Rock"
Gastrodon,Electric,Gastrodon is known for its unique abilities and role in battles.,Ground
Genesect,Fairy,Genesect is known for its unique abilities and role in battles.,"Poison, Steel"
Gengar,Ice,Gengar is known for its unique abilities and role in battles.,"Fire, Fighting, Steel"
Geodude,Dragon,Geodude is known for its unique abilities and role in battles.,"Ice, Dragon, Fairy"
Gholdengo,Rock,Gholdengo is known for its unique abilities and role in battles.,"Water, Grass, Fighting"
Gible,Psychic,Gible is known for its unique abilities and role in battles.,"Bug, Ghost, Dark"
Gigalith,Fairy,Gigalith is known for its unique abilities and role in battles.,"Poison, Steel"
Gimmighoul,Rock,Gimmighoul is known for its unique abilities and role in battles.,"Water, Grass, Fighting"
Girafarig,Water,Girafarig is known for its unique abilities and role in battles.,"Electric, Grass"
Giratina-altered,Ice,Giratina-altered is known for its unique abilities and role in battles.,"Fire, Fighting, Steel"
Glaceon,Bug,Glaceon is known for its unique abilities and role in battles.,"Fire, Flying, Rock"
Glalie,Dark,Glalie is known for its unique abilities and role in battles.,"Fighting, Bug, Fairy"
Glameow,Water,Glameow is known for its unique abilities and role in battles.,"Electric, Grass"
Glastrier,Ice,Glastrier is known for its unique abilities and role in battles.,"Fire, Fighting, Steel"
Gligar,Fire,Gligar is known for its unique abilities and role in battles.,"Water, Rock, Ground"
Glimmet,Rock,Glimmet is known for its unique abilities and role in battles.,"Water, Grass, Fighting"
Glimmora,Bug,Glimmora is known for its unique abilities and role in battles.,"Fire, Flying, Rock"
Gliscor,Fire,Gliscor is known for its unique abilities and role in battles.,"Water, Rock, Ground"
Gloom,Ice,Gloom is known for its unique abilities and role in battles.,"Fire, Fighting, Steel"
Gogoat,Bug,Gogoat is known for its unique abilities and role in battles.,"Fire, Flying, Rock"
Golbat,Ice,Golbat is known for its unique abilities and role in battles.,"Fire, Fighting, Steel"
Goldeen,Dark,Goldeen is known for its unique abilities and role in battles.,"Fighting, Bug, Fairy"
Golduck,Fire,Golduck is known for its unique abilities and role in battles.,"Water, Rock, Ground"
Golem,Ice,Golem is known for its unique abilities and role in battles.,"Fire, Fighting, Steel"
Golett,Electric,Golett is known for its unique abilities and role in battles.,Ground
Golisopod,Fairy,Golisopod is known for its unique abilities and role in battles.,"Poison, Steel"
Golurk,Fairy,Golurk is known for its unique abilities and role in battles.,"Poison, Steel"
Goodra,Dark,Goodra is known for its unique abilities and role in battles.,"Fighting, Bug, Fairy"
Goomy,Ice,Goomy is known for its unique abilities and role in battles.,"Fire, Fighting, Steel"
Gorebyss,Electric,Gorebyss is known for its unique abilities and role in battles.,Ground
Gossifleur,Bug,Gossifleur is known for its unique abilities and role in battles.,"Fire, Flying, Rock"
Gothita,Grass,Gothita is known for its unique abilities and role in battles.,"Fire, Flying, Poison"
Gothitelle,Fairy,Gothitelle is known for its unique abilities and role in battles.,"Poison, Steel"
Gothorita,Rock,Gothorita is known for its unique abilities and role in battles.,"Water, Grass, Fighting"
Gourgeist-average,Fairy,Gourgeist-average is known for its unique abilities and role in battles.,"Poison, Steel"
Grafaiai,Rock,Grafaiai is known for its unique abilities and role in battles.,"Water, Grass, Fighting"
Granbull,Dark,Granbull is known for its unique abilities and role in battles.,"Fighting, Bug, Fairy"
Grapploct,Water,Grapploct is known for its unique abilities and role in battles.,"Electric, Grass"
Graveler,Dragon,Graveler is known for its unique abilities and role in battles.,"Ice, Dragon, Fairy"
Great-tusk,Fairy,Great-tusk is known for its unique abilities and role in battles.,"Poison, Steel"
Greavard,Water,Greavard is known for its unique abilities and role in battles.,"Electric, Grass"
Greedent,Ice,Greedent is known for its unique abilities and role in battles.,"Fire, Fighting, Steel"
Greninja,Electric,Greninja is known for its unique abilities and role in battles.,Ground
Grimer,Grass,Grimer is known for its unique abilities and role in battles.,"Fire, Flying, Poison"
Grimmsnarl,Ice,Grimmsnarl is known for its unique abilities and role in battles.,"Fire, Fighting, Steel"
Grookey,Electric,Grookey is known for its unique abilities and role in battles.,Ground
Grotle,Dark,Grotle is known for its unique abilities and role in battles.,"Fighting, Bug, Fairy"
Groudon,Water,Groudon is known for its unique abilities and role in battles.,"Electric, Grass"
Grovyle,Grass,Grovyle is known for its unique abilities and role in battles.,"Fire, Flying, Poison"
Growlithe,Fire,Growlithe is known for its unique abilities and role in battles.,"Water, Rock, Ground"
Grubbin,Fire,Grubbin is known for its unique abilities and role in battles.,"Water, Rock, Ground"
Grumpig,Fairy,Grumpig is known for its unique abilities and role in battles.,"Poison, Steel"
Gulpin,Fairy,Gulpin is known for its unique abilities and role in battles.,"Poison, Steel"
Gumshoos,Psychic,Gumshoos is known for its unique abilities and role in battles.,"Bug, Ghost, Dark"
Gurdurr,Bug,Gurdurr is known for its unique abilities and role in battles.,"Fire, Flying, Rock"
Guzzlord,Electric,Guzzlord is known for its unique abilities and role in battles.,Ground
Gyarados,Fairy,Gyarados is known for its unique abilities and role in battles.,"Poison, Steel"
Hakamo-o,Grass,Hakamo-o is known for its unique abilities and role in battles.,"Fire, Flying, Poison"
Happiny,Dragon,Happiny is known for its unique abilities and role in battles.,"Ice, Dragon, Fairy"
Hariyama,Water,Hariyama is known for its unique abilities and role in battles.,"Electric, Grass"
Hatenna,Electric,Hatenna is known for its unique abilities and role in battles.,Ground
Hatterene,Electric,Hatterene is known for its unique abilities and role in battles.,Ground
Hattrem,Dragon,Hattrem is known for its unique abilities and role in battles.,"Ice, Dragon, Fairy"
Haunter,Rock,Haunter is known for its unique abilities and role in battles.,"Water, Grass, Fighting"
Hawlucha,Rock,Hawlucha is known for its unique abilities and role in battles.,"Water, Grass, Fighting"
Haxorus,Rock,Haxorus is known for its unique abilities and role in battles.,"Water, Grass, Fighting"
Heatmor,Psychic,Heatmor is known for its unique abilities and role in battles.,"Bug, Ghost, Dark"
Heatran,Psychic,Heatran is known for its unique abilities and role in battles.,"Bug, Ghost, Dark"
Heliolisk,Fire,Heliolisk is known for its unique abilities and role in battles.,"Water, Rock, Ground"
Helioptile,Dragon,Helioptile is known for its unique abilities and role in battles.,"Ice, Dragon, Fairy"
Heracross,Rock,Heracross is known for its unique abilities and role in battles.,"Water, Grass, Fighting"
Herdier,Rock,Herdier is known for its unique abilities and role in battles.,"Water, Grass, Fighting"
Hippopotas,Dark,Hippopotas is known for its unique abilities and role in battles.,"Fighting, Bug, Fairy"
Hippowdon,Rock,Hippowdon is known for its unique abilities and role in battles.,"Water, Grass, Fighting"
Hitmonchan,Dragon,Hitmonchan is known for its unique abilities and role in battles.,"Ice, Dragon, Fairy"
Hitmonlee,Ice,Hitmonlee is known for its unique abilities and role in battles.,"Fire, Fighting, Steel"
Hitmontop,Fairy,Hitmontop is known for its unique abilities and role in battles.,"Poison, Steel"
Ho-oh,Dark,Ho-oh is known for its unique abilities and role in battles.,"Fighting, Bug, Fairy"
Honchkrow,Dragon,Honchkrow is known for its unique abilities and role in battles.,"Ice, Dragon, Fairy"
Honedge,Grass,Honedge is known for its unique abilities and role in battles.,"Fire, Flying, Poison"
Hoopa,Fairy,Hoopa is known for its unique abilities and role in battles.,"Poison, Steel"
Hoothoot,Fire,Hoothoot is known for its unique abilities and role in battles.,"Water, Rock, Ground"
Hoppip,Ice,Hoppip is known for its unique abilities and role in battles.,"Fire, Fighting, Steel"
Horsea,Dragon,Horsea is known for its unique abilities and role in battles.,"Ice, Dragon, Fairy"
Houndoom,Psychic,Houndoom is known for its unique abilities and role in battles.,"Bug, Ghost, Dark"
Houndour,Electric,Houndour is known for its unique abilities and role in battles.,Ground
Houndstone,Psychic,Houndstone is known for its unique abilities and role in battles.,"Bug, Ghost, Dark"
Huntail,Ice,Huntail is known for its unique abilities and role in battles.,"Fire, Fighting, Steel"
Hydreigon,Fairy,Hydreigon is known for its unique abilities and role in battles.,"Poison, Steel"
Hypno,Fire,Hypno is known for its unique abilities and role in battles.,"Water, Rock, Ground"
Igglybuff,Fairy,Igglybuff is known for its unique abilities and role in battles.,"Poison, Steel"
Illumise,Grass,Illumise is known for its unique abilities and role in battles.,"Fire, Flying, Poison"
Impidimp,Rock,Impidimp is known for its unique abilities and role in battles.,"Water, Grass, Fighting"
Incineroar,Fairy,Incineroar is known for its unique abilities and role in battles.,"Poison, Steel"
Indeedee-male,Dark,Indeedee-male is known for its unique abilities and role in battles.,"Fighting, Bug, Fairy"
Infernape,Water,Infernape is known for its unique abilities and role in battles.,"Electric, Grass"
Inkay,Psychic,Inkay is known for its unique abilities and role in battles.,"Bug, Ghost, Dark"
Inteleon,Bug,Inteleon is known for its unique abilities and role in battles.,"Fire, Flying, Rock"
Iron-bundle,Psychic,Iron-bundle is known for its unique abilities and role in battles.,"Bug, Ghost, Dark"
Iron-hands,Fire,Iron-hands is known for its unique abilities and role in battles.,"Water, Rock, Ground"
Iron-jugulis,Psychic,Iron-jugulis is known for its unique abilities and role in battles.,"Bug, Ghost, Dark"
Iron-moth,Grass,Iron-moth is known for its unique abilities and role in battles.,"Fire, Flying, Poison"
Iron-thorns,Bug,Iron-thorns is known for its unique abilities and role in battles.,"Fire, Flying, Rock"
Iron-treads,Ice,Iron-treads is known for its unique abilities and role in battles.,"Fire, Fighting, Steel"
Ivysaur,Ice,Ivysaur is known for its unique abilities and role in battles.,"Fire, Fighting, Steel"
Jangmo-o,Fairy,Jangmo-o is known for its unique abilities and role in battles.,"Poison, Steel"
Jellicent,Dragon,Jellicent is known for its unique abilities and role in battles.,"Ice, Dragon, Fairy"
Jigglypuff,Bug,Jigglypuff is known for its unique abilities and role in battles.,"Fire, Flying, Rock"
Jirachi,Fairy,Jirachi is known for its unique abilities and role in battles.,"Poison, Steel"
Jolteon,Dragon,Jolteon is known for its unique abilities and role in battles.,"Ice, Dragon, Fairy"
Joltik,Psychic,Joltik is known for its unique abilities and role in battles.,"Bug, Ghost, Dark"
Jumpluff,Grass,Jumpluff is known for its unique abilities and role in battles.,"Fire, Flying, Poison"
Jynx,Electric,Jynx is known for its unique abilities and role in battles.,Ground
Kabuto,Dark,Kabuto is known for its unique abilities and role in battles.,"Fighting, Bug, Fairy"
Kabutops,Psychic,Kabutops is known for its unique abilities and role in battles.,"Bug, Ghost, Dark"
Kadabra,Rock,Kadabra is known for its unique abilities and role in battles.,"Water, Grass, Fighting"
Kakuna,Dragon,Kakuna is known for its unique abilities and role in battles.,"Ice, Dragon, Fairy"
Kangaskhan,Electric,Kangaskhan is known for its unique abilities and role in battles.,Ground
Karrablast,Grass,Karrablast is known for its unique abilities and role in battles.,"Fire, Flying, Poison"
Kartana,Bug,Kartana is known for its unique abilities and role in battles.,"Fire, Flying, Rock"
Kecleon,Electric,Kecleon is known for its unique abilities and role in battles.,Ground
Keldeo-ordinary,Fire,Keldeo-ordinary is known for its unique abilities and role in battles.,"Water, Rock, Ground"
Kilowattrel,Dragon,Kilowattrel is known for its unique abilities and role in battles.,"Ice, Dragon, Fairy"
Kingambit,Grass,Kingambit is known for its unique abilities and role in battles.,"Fire, Flying, Poison"
Kingdra,Dragon,Kingdra is known for its unique abilities and role in battles.,"Ice, Dragon, Fairy"
Kingler,Bug,Kingler is known for its unique abilities and role in battles.,"Fire, Flying, Rock"
Kirlia,Fire,Kirlia is known for its unique abilities and role in battles.,"Water, Rock, Ground"
Klang,Grass,Klang is known for its unique abilities and role in battles.,"Fire, Flying, Poison"
Klawf,Fairy,Klawf is known for its unique abilities and role in battles.,"Poison, Steel"
Kleavor,Fairy,Kleavor is known for its unique abilities and role in battles.,"Poison, Steel"
Klefki,Rock,Klefki is known for its unique abilities and role in battles.,"Water, Grass, Fighting"
Klink,Rock,Klink is known for its unique abilities and role in battles.,"Water, Grass, Fighting"
Klinklang,Fire,Klinklang is known for its unique abilities and role in battles.,"Water, Rock, Ground"
Koffing,Fire,Koffing is known for its unique abilities and role in battles.,"Water, Rock, Ground"
Komala,Electric,Komala is known for its unique abilities and role in battles.,Ground
Kommo-o,Rock,Kommo-o is known for its unique abilities and role in battles.,"Water, Grass, Fighting"
Krabby,Fairy,Krabby is known for its unique abilities and role in battles.,"Poison, Steel"
Kricketot,Grass,Kricketot is known for its unique abilities and role in battles.,"Fire, Flying, Poison"
Kricketune,Psychic,Kricketune is known for its unique abilities and role in battles.,"Bug, Ghost, Dark"
Krokorok,Ice,Krokorok is known for its unique abilities and role in battles.,"Fire, Fighting, Steel"
Krookodile,Fairy,Krookodile is known for its unique abilities and role in battles.,"Poison, Steel"
Kubfu,Psychic,Kubfu is known for its unique abilities and role in battles.,"Bug, Ghost, Dark"
Kyogre,Water,Kyogre is known for its unique abilities and role in battles.,"Electric, Grass"
Kyurem,Dark,Kyurem is known for its unique abilities and role in battles.,"Fighting, Bug, Fairy"
Lairon,Psychic,Lairon is known for its unique abilities and role in battles.,"Bug, Ghost, Dark"
Lampent,Psychic,Lampent is known for its unique abilities and role in battles.,"Bug, Ghost, Dark"
Landorus-incarnate,Bug,Landorus-incarnate is known for its unique abilities and role in battles.,"Fire, Flying, Rock"
Lanturn,Fairy,Lanturn is known for its unique abilities and role in battles.,"Poison, Steel"
Lapras,Fire,Lapras is known for its unique abilities and role in battles.,"Water, Rock, Ground"
Larvesta,Ice,Larvesta is known for its unique abilities and role in battles.,"Fire, Fighting, Steel"
Larvitar,Dark,Larvitar is known for its unique abilities and role in battles.,"Fighting, Bug, Fairy"
Latias,Dragon,Latias is known for its unique abilities and role in battles.,"Ice, Dragon, Fairy"
Latios,Water,Latios is known for its unique abilities and role in battles.,"Electric, Grass"
Leafeon,Electric,Leafeon is known for its unique abilities and role in battles.,Ground
Leavanny,Rock,Leavanny is known for its unique abilities and role in battles.,"Water, Grass, Fighting"
Lechonk,Dark,Lechonk is known for its unique abilities and role in battles.,"Fighting, Bug, Fairy"
Ledian,Rock,Ledian is known for its unique abilities and role in battles.,"Water, Grass, Fighting"
Ledyba,Fire,Ledyba is known for its unique abilities and role in battles.,"Water, Rock, Ground"
Lickilicky,Dark,Lickilicky is known for its unique abilities and role in battles.,"Fighting, Bug, Fairy"
Lickitung,Fire,Lickitung is known for its unique abilities and role in battles.,"Water, Rock, Ground"
Liepard,Bug,Liepard is known for its unique abilities and role in battles.,"Fire, Flying, Rock"
Lileep,Fire,Lileep is known for its unique abilities and role in battles.,"Water, Rock, Ground"
Lilligant,Water,Lilligant is known for its unique abilities and role in battles.,"Electric, Grass"
Lillipup,Bug,Lillipup is known for its unique abilities and role in battles.,"Fire, Flying, Rock"
Linoone,Dragon,Linoone is known for its unique abilities and role in battles.,"Ice, Dragon, Fairy"
Litleo,Bug,Litleo is known for its unique abilities and role in battles.,"Fire, Flying, Rock"
Litten,Ice,Litten is known for its unique abilities and role in battles.,"Fire, Fighting, Steel"
Litwick,Dark,Litwick is known for its unique abilities and role in battles.,"Fighting, Bug, Fairy"
Lokix,Ice,Lokix is known for its unique abilities and role in battles.,"Fire, Fighting, Steel"
Lombre,Grass,Lombre is known for its unique abilities and role in battles.,"Fire, Flying, Poison"
Lopunny,Psychic,Lopunny is known for its unique abilities and role in battles.,"Bug, Ghost, Dark"
Lotad,Psychic,Lotad is known for its unique abilities and role in battles.,"Bug, Ghost, Dark"
Loudred,Dragon,Loudred is known for its unique abilities and role in battles.,"Ice, Dragon, Fairy"
Lucario,Electric,Lucario is known for its unique abilities and role in battles.,Ground
Ludicolo,Ice,Ludicolo is known for its unique abilities and role in battles.,"Fire, Fighting, Steel"
Lugia,Fire,Lugia is known for its unique abilities and role in battles.,"Water, Rock, Ground"
Lumineon,Dragon,Lumineon is known for its unique abilities and role in battles.,"Ice, Dragon, Fairy"
Lunala,Psychic,Lunala is known for its unique abilities and role in battles.,"Bug, Ghost, Dark"
Lunatone,Dark,Lunatone is known for its unique abilities and role in battles.,"Fighting, Bug, Fairy"
Lurantis,Fire,Lurantis is known for its unique abilities and role in battles.,"Water, Rock, Ground"
Luvdisc,Electric,Luvdisc is known for its unique abilities and role in battles.,Ground
Luxio,Fairy,Luxio is known for its unique abilities and role in battles.,"Poison, Steel"
Luxray,Electric,Luxray is known for its unique abilities and role in battles.,Ground
Lycanroc-midday,Water,Lycanroc-midday is known for its unique abilities and role in battles.,"Electric, Grass"
Mabosstiff,Rock,Mabosstiff is known for its unique abilities and role in battles.,"Water, Grass, Fighting"
Machamp,Fire,Machamp is known for its unique abilities and role in battles.,"Water, Rock, Ground"
Machoke,Fairy,Machoke is known for its unique abilities and role in battles.,"Poison, Steel"
Machop,Dark,Machop is known for its unique abilities and role in battles.,"Fighting, Bug, Fairy"
Magby,Dragon,Magby is known for its unique abilities and role in battles.,"Ice, Dragon, Fairy"
Magcargo,Fairy,Magcargo is known for its unique abilities and role in battles.,"Poison, Steel"
Magearna,Dragon,Magearna is known for its unique abilities and role in battles.,"Ice, Dragon, Fairy"
Magikarp,Psychic,Magikarp is known for its unique abilities and role in battles.,"Bug, Ghost, Dark"
Magmar,Psychic,Magmar is known for its unique abilities and role in battles.,"Bug, Ghost, Dark"
Magmortar,Fairy,Magmortar is known for its unique abilities and role in battles.,"Poison, Steel"
Magnemite,Rock,Magnemite is known for its unique abilities and role in battles.,"Water, Grass, Fighting"
Magneton,Rock,Magneton is known for its unique abilities and role in battles.,"Water, Grass, Fighting"
Magnezone,Electric,Magnezone is known for its unique abilities and role in battles.,Ground
Makuhita,Electric,Makuhita is known for its unique abilities and role in battles.,Ground
Malamar,Fairy,Malamar is known for its unique abilities and role in battles.,"Poison, Steel"
Mamoswine,Water,Mamoswine is known for its unique abilities and role in battles.,"Electric, Grass"
Manaphy,Fairy,Manaphy is known for its unique abilities and role in battles.,"Poison, Steel"
Mandibuzz,Rock,Mandibuzz is known for its unique abilities and role in battles.,"Water, Grass, Fighting"
Manectric,Bug,Manectric is known for its unique abilities and role in battles.,"Fire, Flying, Rock"
Mankey,Dragon,Mankey is known for its unique abilities and role in battles.,"Ice, Dragon, Fairy"
Mantine,Fire,Mantine is known for its unique abilities and role in battles.,"Water, Rock, Ground"
Mantyke,Ice,Mantyke is known for its unique abilities and role in battles.,"Fire, Fighting, Steel"
Maractus,Dragon,Maractus is known for its unique abilities and role in battles.,"Ice, Dragon, Fairy"
Mareanie,Ice,Mareanie is known for its unique abilities and role in battles.,"Fire, Fighting, Steel"
Mareep,Ice,Mareep is known for its unique abilities and role in battles.,"Fire, Fighting, Steel"
Marill,Fairy,Marill is known for its unique abilities and role in battles.,"Poison, Steel"
Marowak,Psychic,Marowak is known for its unique abilities and role in battles.,"Bug, Ghost, Dark"
Marshadow,Water,Marshadow is known for its unique abilities and role in battles.,"Electric, Grass"
Marshtomp,Electric,Marshtomp is known for its unique abilities and role in battles.,Ground
Maschiff,Electric,Maschiff is known for its unique abilities and role in battles.,Ground
Masquerain,Bug,Masquerain is known for its unique abilities and role in battles.,"Fire, Flying, Rock"
Maushold-family-of-four,Dark,Maushold-family-of-four is known for its unique abilities and role in battles.,"Fighting, Bug, Fairy"
Mawile,Bug,Mawile is known for its unique abilities and role in battles.,"Fire, Flying, Rock"
Medicham,Fire,Medicham is known for its unique abilities and role in battles.,"Water, Rock, Ground"
Meditite,Rock,Meditite is known for its unique abilities and role in battles.,"Water, Grass, Fighting"
Meganium,Dark,Meganium is known for its unique abilities and role in battles.,"Fighting, Bug, Fairy"
Melmetal,Fairy,Melmetal is known for its unique abilities and role in battles.,"Poison, Steel"
Meloetta-aria,Electric,Meloetta-aria is known for its unique abilities and role in battles.,Ground
Meltan,Fairy,Meltan is known for its unique abilities and role in battles.,"Poison, Steel"
Meowscarada,Fire,Meowscarada is known for its unique abilities and role in battles.,"Water, Rock, Ground"
Meowstic-male,Fairy,Meowstic-male is known for its unique abilities and role in battles.,"Poison, Steel"
Meowth,Grass,Meowth is known for its unique abilities and role in battles.,"Fire, Flying, Poison"
Mesprit,Bug,Mesprit is known for its unique abilities and role in battles.,"Fire, Flying, Rock"
Metagross,Dark,Metagross is known for its unique abilities and role in battles.,"Fighting, Bug, Fairy"
Metang,Psychic,Metang is known for its unique abilities and role in battles.,"Bug, Ghost, Dark"
Metapod,Electric,Metapod is known for its unique abilities and role in battles.,Ground
Mew,Rock,Mew is known for its unique abilities and role in battles.,"Water, Grass, Fighting"
Mewtwo,Dark,Mewtwo is known for its unique abilities and role in battles.,"Fighting, Bug, Fairy"
Mienfoo,Fire,Mienfoo is known for its unique abilities and role in battles.,"Water, Rock, Ground"
Mienshao,Grass,Mienshao is known for its unique abilities and role in battles.,"Fire, Flying, Poison"
Mightyena,Ice,Mightyena is known for its unique abilities and role in battles.,"Fire, Fighting, Steel"
Milcery,Rock,Milcery is known for its unique abilities and role in battles.,"Water, Grass, Fighting"
Milotic,Fire,Milotic is known for its unique abilities and role in battles.,"Water, Rock, Ground"
Miltank,Electric,Miltank is known for its unique abilities and role in battles.,Ground
Mime-jr,Fairy,Mime-jr is known for its unique abilities and role in battles.,"Poison, Steel"
Mimikyu-disguised,Fairy,Mimikyu-disguised is known for its unique abilities and role in battles.,"Poison, Steel"
Minccino,Dark,Minccino is known for its unique abilities and role in battles.,"Fighting, Bug, Fairy"
Minior-red-meteor,Dark,Minior-red-meteor is known for its unique abilities and role in battles.,"Fighting, Bug, Fairy"
Minun,Grass,Minun is known for its unique abilities and role in battles.,"Fire, Flying, Poison"
Misdreavus,Dark,Misdreavus is known for its unique abilities and role in battles.,"Fighting, Bug, Fairy"
Mismagius,Fire,Mismagius is known for its unique abilities and role in battles.,"Water, Rock, Ground"
Moltres,Water,Moltres is known for its unique abilities and role in battles.,"Electric, Grass"
Monferno,Psychic,Monferno is known for its unique abilities and role in battles.,"Bug, Ghost, Dark"
Morelull,Grass,Morelull is known for its unique abilities and role in battles.,"Fire, Flying, Poison"
Morgrem,Dragon,Morgrem is known for its unique abilities and role in battles.,"Ice, Dragon, Fairy"
Morpeko-full-belly,Fairy,Morpeko-full-belly is known for its unique abilities and role in battles.,"Poison, Steel"
Mothim,Electric,Mothim is known for its unique abilities and role in battles.,Ground
Mr-mime,Electric,Mr-mime is known for its unique abilities and role in battles.,Ground
Mr-rime,Fairy,Mr-rime is known for its unique abilities and role in battles.,"Poison, Steel"
Mudbray,Water,Mudbray is known for its unique abilities and role in battles.,"Electric, Grass"
Mudkip,Electric,Mudkip is known for its unique abilities and role in battles.,Ground
Mudsdale,Grass,Mudsdale is known for its unique abilities and role in battles.,"Fire, Flying, Poison"
Muk,Dark,Muk is known for its unique abilities and role in battles.,"Fighting, Bug, Fairy"
Munchlax,Psychic,Munchlax is known for its unique abilities and role in battles.,"Bug, Ghost, Dark"
Munna,Fire,Munna is known for its unique abilities and role in battles.,"Water, Rock, Ground"
Murkrow,Dragon,Murkrow is known for its unique abilities and role in battles.,"Ice, Dragon, Fairy"
Musharna,Rock,Musharna is known for its unique abilities and role in battles.,"Water, Grass, Fighting"
Nacli,Grass,Nacli is known for its unique abilities and role in battles.,"Fire, Flying, Poison"
Naclstack,Fire,Naclstack is known for its unique abilities and role in battles.,"Water, Rock, Ground"
Naganadel,Grass,Naganadel is known for its unique abilities and role in battles.,"Fire, Flying, Poison"
Natu,Grass,Natu is known for its unique abilities and role in battles.,"Fire, Flying, Poison"
Necrozma,Grass,Necrozma is known for its unique abilities and role in battles.,"Fire, Flying, Poison"
Nickit,Electric,Nickit is known for its unique abilities and role in battles.,Ground
Nidoking,Bug,Nidoking is known for its unique abilities and role in battles.,"Fire, Flying, Rock"
Nidoqueen,Rock,Nidoqueen is known for its unique abilities and role in battles.,"Water, Grass, Fighting"
Nidoran-f,Fire,Nidoran-f is known for its unique abilities and role in battles.,"Water, Rock, Ground"
Nidoran-m,Water,Nidoran-m is known for its unique abilities and role in battles.,"Electric, Grass"
Nidorina,Dark,Nidorina is known for its unique abilities and role in battles.,"Fighting, Bug, Fairy"
Nidorino,Fairy,Nidorino is known for its unique abilities and role in battles.,"Poison, Steel"
Nihilego,Bug,Nihilego is known for its unique abilities and role in battles.,"Fire, Flying, Rock"
Nincada,Ice,Nincada is known for its unique abilities and role in battles.,"Fire, Fighting, Steel"
Ninetales,Grass,Ninetales is known for its unique abilities and role in battles.,"Fire, Flying, Poison"
Ninjask,Ice,Ninjask is known for its unique abilities and role in battles.,"Fire, Fighting, Steel"
Noctowl,Psychic,Noctowl is known for its unique abilities and role in battles.,"Bug, Ghost, Dark"
Noibat,Grass,Noibat is known for its unique abilities and role in battles.,"Fire, Flying, Poison"
Noivern,Bug,Noivern is known for its unique abilities and role in battles.,"Fire, Flying, Rock"
Nosepass,Dragon,Nosepass is known for its unique abilities and role in battles.,"Ice, Dragon, Fairy"
Numel,Electric,Numel is known for its unique abilities and role in battles.,Ground
Nuzleaf,Dragon,Nuzleaf is known for its unique abilities and role in battles.,"Ice, Dragon, Fairy"
Nymble,Fairy,Nymble is known for its unique abilities and role in battles.,"Poison, Steel"
Obstagoon,Rock,Obstagoon is known for its unique abilities and role in battles.,"Water, Grass, Fighting"
Octillery,Psychic,Octillery is known for its unique abilities and role in battles.,"Bug, Ghost, Dark"
Oddish,Bug,Oddish is known for its unique abilities and role in battles.,"Fire, Flying, Rock"
Oinkologne-male,Fire,Oinkologne-male is known for its unique abilities and role in battles.,"Water, Rock, Ground"
Omanyte,Dark,Omanyte is known for its unique abilities and role in battles.,"Fighting, Bug, Fairy"
Omastar,Fire,Omastar is known for its unique abilities and role in battles.,"Water, Rock, Ground"
Onix,Fire,Onix is known for its unique abilities and role in battles.,"Water, Rock, Ground"
Oranguru,Psychic,Oranguru is known for its unique abilities and role in battles.,"Bug, Ghost, Dark"
Orbeetle,Fairy,Orbeetle is known for its unique abilities and role in battles.,"Poison, Steel"
Oricorio-baile,Fire,Oricorio-baile is known for its unique abilities and role in battles.,"Water, Rock, Ground"
Orthworm,Water,Orthworm is known for its unique abilities and role in battles.,"Electric, Grass"
Oshawott,Psychic,Oshawott is known for its unique abilities and role in battles.,"Bug, Ghost, Dark"
Overqwil,Bug,Overqwil is known for its unique abilities and role in battles.,"Fire, Flying, Rock"
Pachirisu,Fire,Pachirisu is known for its unique abilities and role in battles.,"Water, Rock, Ground"
Palafin-zero,Psychic,Palafin-zero is known for its unique abilities and role in battles.,"Bug, Ghost, Dark"
Palkia,Psychic,Palkia is known for its unique abilities and role in battles.,"Bug, Ghost, Dark"
Palossand,Dragon,Palossand is known for its unique abilities and role in battles.,"Ice, Dragon, Fairy"
Palpitoad,Dragon,Palpitoad is known for its unique abilities and role in battles.,"Ice, Dragon, Fairy"
Pancham,Psychic,Pancham is known for its unique abilities and role in battles.,"Bug, Ghost, Dark"
Pangoro,Psychic,Pangoro is known for its unique abilities and role in battles.,"Bug, Ghost, Dark"
Panpour,Grass,Panpour is known for its unique abilities and role in battles.,"Fire, Flying, Poison"
Pansage,Bug,Pansage is known for its unique abilities and role in battles.,"Fire, Flying, Rock"
Pansear,Dragon,Pansear is known for its unique abilities and role in battles.,"Ice, Dragon, Fairy"
Paras,Dragon,Paras is known for its unique abilities and role in battles.,"Ice, Dragon, Fairy"
Parasect,Fairy,Parasect is known for its unique abilities and role in battles.,"Poison, Steel"
Passimian,Dark,Passimian is known for its unique abilities and role in battles.,"Fighting, Bug, Fairy"
Patrat,Rock,Patrat is known for its unique abilities and role in battles.,"Water, Grass, Fighting"
Pawmi,Grass,Pawmi is known for its unique abilities and role in battles.,"Fire, Flying, Poison"
Pawmo,Ice,Pawmo is known for its unique abilities and role in battles.,"Fire, Fighting, Steel"
Pawmot,Rock,Pawmot is known for its unique abilities and role in battles.,"Water, Grass, Fighting"
Pawniard,Rock,Pawniard is known for its unique abilities and role in battles.,"Water, Grass, Fighting"
Pelipper,Psychic,Pelipper is known for its unique abilities and role in battles.,"Bug, Ghost, Dark"
Perrserker,Bug,Perrserker is known for its unique abilities and role in battles.,"Fire, Flying, Rock"
Persian,Psychic,Persian is known for its unique abilities and role in battles.,"Bug, Ghost, Dark"
Petilil,Psychic,Petilil is known for its unique abilities and role in battles.,"Bug, Ghost, Dark"
Phanpy,Dark,Phanpy is known for its unique abilities and role in battles.,"Fighting, Bug, Fairy"
Phantump,Psychic,Phantump is known for its unique abilities and role in battles.,"Bug, Ghost, Dark"
Pheromosa,Ice,Pheromosa is known for its unique abilities and role in battles.,"Fire, Fighting, Steel"
Phione,Fairy,Phione is known for its unique abilities and role in battles.,"Poison, Steel"
Pichu,Electric,Pichu is known for its unique abilities and role in battles.,Ground
Pidgeot,Grass,Pidgeot is known for its unique abilities and role in battles.,"Fire, Flying, Poison"
Pidgeotto,Electric,Pidgeotto is known for its unique abilities and role in battles.,Ground
Pidgey,Electric,Pidgey is known for its unique abilities and role in battles.,Ground
Pidove,Dragon,Pidove is known for its unique abilities and role in battles.,"Ice, Dragon, Fairy"
Pignite,Water,Pignite is known for its unique abilities and role in battles.,"Electric, Grass"
Pikachu,Dragon,Pikachu is known for its unique abilities and role in battles.,"Ice, Dragon, Fairy"
Pikipek,Grass,Pikipek is known for its unique abilities and role in battles.,"Fire, Flying, Poison"
Piloswine,Dragon,Piloswine is known for its unique abilities and role in battles.,"Ice, Dragon, Fairy"
Pincurchin,Grass,Pincurchin is known for its unique abilities and role in battles.,"Fire, Flying, Poison"
Pineco,Dragon,Pineco is known for its unique abilities and role in battles.,"Ice, Dragon, Fairy"
Pinsir,Dark,Pinsir is known for its unique abilities and role in battles.,"Fighting, Bug, Fairy"
Piplup,Ice,Piplup is known for its unique abilities and role in battles.,"Fire, Fighting, Steel"
Plusle,Dark,Plusle is known for its unique abilities and role in battles.,"Fighting, Bug, Fairy"
Poipole,Water,Poipole is known for its unique abilities and role in battles.,"Electric, Grass"
Politoed,Dragon,Politoed is known for its unique abilities and role in battles.,"Ice, Dragon, Fairy"
Poliwag,Electric,Poliwag is known for its unique abilities and role in battles.,Ground
Poliwhirl,Fairy,Poliwhirl is known for its unique abilities and role in battles.,"Poison, Steel"
Poliwrath,Dark,Poliwrath is known for its unique abilities and role in battles.,"Fighting, Bug, Fairy"
Polteageist,Psychic,Polteageist is known for its unique abilities and role in battles.,"Bug, Ghost, Dark"
Ponyta,Rock,Ponyta is known for its unique abilities and role in battles.,"Water, Grass, Fighting"
Poochyena,Electric,Poochyena is known for its unique abilities and role in battles.,Ground
Popplio,Fairy,Popplio is known for its unique abilities and role in battles.,"Poison, Steel"
Porygon,Fairy,Porygon is known for its unique abilities and role in battles.,"Poison, Steel"
Porygon-z,Rock,Porygon-z is known for its unique abilities and role in battles.,"Water, Grass, Fighting"
Porygon2,Psychic,Porygon2 is known for its unique abilities and role in battles.,"Bug, Ghost, Dark"
Primarina,Bug,Primarina is known for its unique abilities and role in battles.,"Fire, Flying, Rock"
Primeape,Bug,Primeape is known for its unique abilities and role in battles.,"Fire, Flying, Rock"
Prinplup,Bug,Prinplup is known for its unique abilities and role in battles.,"Fire, Flying, Rock"
Probopass,Ice,Probopass is known for its unique abilities and role in battles.,"Fire, Fighting, Steel"
Psyduck,Ice,Psyduck is known for its unique abilities and role in battles.,"Fire, Fighting, Steel"
Pumpkaboo-average,Grass,Pumpkaboo-average is known for its unique abilities and role in battles.,"Fire, Flying, Poison"
Pupitar,Bug,Pupitar is known for its unique abilities and role in battles.,"Fire, Flying, Rock"
Purrloin,Electric,Purrloin is known for its unique abilities and role in battles.,Ground
Purugly,Bug,Purugly is known for its unique abilities and role in battles.,"Fire, Flying, Rock"
Pyroar,Bug,Pyroar is known for its unique abilities and role in battles.,"Fire, Flying, Rock"
Pyukumuku,Rock,Pyukumuku is known for its unique abilities and role in battles.,"Water, Grass, Fighting"
Quagsire,Psychic,Quagsire is known for its unique abilities and role in battles.,"Bug, Ghost, Dark"
Quaquaval,Fairy,Quaquaval is known for its unique abilities and role in battles.,"Poison, Steel"
Quaxly,Fairy,Quaxly is known for its unique abilities and role in battles.,"Poison, Steel"
Quaxwell,Dragon,Quaxwell is known for its unique abilities and role in battles.,"Ice, Dragon, Fairy"
Quilava,Psychic,Quilava is known for its unique abilities and role in battles.,"Bug, Ghost, Dark"
Quilladin,Water,Quilladin is known for its unique abilities and role in battles.,"Electric, Grass"
Qwilfish,Fairy,Qwilfish is known for its unique abilities and role in battles.,"Poison, Steel"
Raboot,Dark,Raboot is known for its unique abilities and role in battles.,"Fighting, Bug, Fairy"
Rabsca,Fairy,Rabsca is known for its unique abilities and role in battles.,"Poison, Steel"
Raichu,Water,Raichu is known for its unique abilities and role in battles.,"Electric, Grass"
Raikou,Water,Raikou is known for its unique abilities and role in battles.,"Electric, Grass"
Ralts,Bug,Ralts is known for its unique abilities and role in battles.,"Fire, Flying, Rock"
Rampardos,Dragon,Rampardos is known for its unique abilities and role in battles.,"Ice, Dragon, Fairy"
Rapidash,Grass,Rapidash is known for its unique abilities and role in battles.,"Fire, Flying, Poison"
Raticate,Grass,Raticate is known for its unique abilities and role in battles.,"Fire, Flying, Poison"
Rattata,Water,Rattata is known for its unique abilities and role in battles.,"Electric, Grass"
Rayquaza,Electric,Rayquaza is known for its unique abilities and role in battles.,Ground
Regice,Water,Regice is known for its unique abilities and role in battles.,"Electric, Grass"
Regidrago,Bug,Regidrago is known for its unique abilities and role in battles.,"Fire, Flying, Rock"
Regieleki,Dragon,Regieleki is known for its unique abilities and role in battles.,"Ice, Dragon, Fairy"
Regigigas,Bug,Regigigas is known for its unique abilities and role in battles.,"Fire, Flying, Rock"
Regirock,Water,Regirock is known for its unique abilities and role in battles.,"Electric, Grass"
Registeel,Dark,Registeel is known for its unique abilities and role in battles.,"Fighting, Bug, Fairy"
Relicanth,Ice,Relicanth is known for its unique abilities and role in battles.,"Fire, Fighting, Steel"
Rellor,Ice,Rellor is known for its unique abilities and role in battles.,"Fire, Fighting, Steel"
Remoraid,Dragon,Remoraid is known for its unique abilities and role in battles.,"Ice, Dragon, Fairy"
Reshiram,Psychic,Reshiram is known for its unique abilities and role in battles.,"Bug, Ghost, Dark"
Reuniclus,Ice,Reuniclus is known for its unique abilities and role in battles.,"Fire, Fighting, Steel"
Revavroom,Psychic,Revavroom is known for its unique abilities and role in battles.,"Bug, Ghost, Dark"
Rhydon,Rock,Rhydon is known for its unique abilities and role in battles.,"Water, Grass, Fighting"
Rhyhorn,Rock,Rhyhorn is known for its unique abilities and role in battles.,"Water, Grass, Fighting"
Rhyperior,Dark,Rhyperior is known for its unique abilities and role in battles.,"Fighting, Bug, Fairy"
Ribombee,Rock,Ribombee is known for its unique abilities and role in battles.,"Water, Grass, Fighting"
Rillaboom,Water,Rillaboom is known for its unique abilities and role in battles.,"Electric, Grass"
Riolu,Grass,Riolu is known for its unique abilities and role in battles.,"Fire, Flying, Poison"
Rockruff,Dragon,Rockruff is known for its unique abilities and role in battles.,"Ice, Dragon, Fairy"
Roggenrola,Fire,Roggenrola is known for its unique abilities and role in battles.,"Water, Rock, Ground"
Rolycoly,Bug,Rolycoly is known for its unique abilities and role in battles.,"Fire, Flying, Rock"
Rookidee,Ice,Rookidee is known for its unique abilities and role in battles.,"Fire, Fighting, Steel"
Roselia,Psychic,Roselia is known for its unique abilities and role in battles.,"Bug, Ghost, Dark"
Roserade,Rock,Roserade is known for its unique abilities and role in battles.,"Water, Grass, Fighting"
Rotom,Electric,Rotom is known for its unique abilities and role in battles.,Ground
Rowlet,Rock,Rowlet is known for its unique abilities and role in battles.,"Water, Grass, Fighting"
Rufflet,Fairy,Rufflet is known for its unique abilities and role in battles.,"Poison, Steel"
Runerigus,Psychic,Runerigus is known for its unique abilities and role in battles.,"Bug, Ghost, Dark"
Sableye,Water,Sableye is known for its unique abilities and role in battles.,"Electric, Grass"
Salamence,Psychic,Salamence is known for its unique abilities and role in battles.,"Bug, Ghost, Dark"
Salandit,Electric,Salandit is known for its unique abilities and role in battles.,Ground
Salazzle,Rock,Salazzle is known for its unique abilities and role in battles.,"Water, Grass, Fighting"
Samurott,Dragon,Samurott is known for its unique abilities and role in battles.,"Ice, Dragon, Fairy"
Sandaconda,Dragon,Sandaconda is known for its unique abilities and role in battles.,"Ice, Dragon, Fairy"
Sandile,Fire,Sandile is known for its unique abilities and role in battles.,"Water, Rock, Ground"
Sandshrew,Bug,Sandshrew is known for its unique abilities and role in battles.,"Fire, Flying, Rock"
Sandslash,Dragon,Sandslash is known for its unique abilities and role in battles.,"Ice, Dragon, Fairy"
Sandy-shocks,Bug,Sandy-shocks is known for its unique abilities and role in battles.,"Fire, Flying, Rock"
Sandygast,Grass,Sandygast is known for its unique abilities and role in battles.,"Fire, Flying, Poison"
Sawk,Rock,Sawk is known for its unique abilities and role in battles.,"Water, Grass, Fighting"
Sawsbuck,Psychic,Sawsbuck is known for its unique abilities and role in battles.,"Bug, Ghost, Dark"
Scatterbug,Fire,Scatterbug is known for its unique abilities and role in battles.,"Water, Rock, Ground"
Sceptile,Electric,Sceptile is known for its unique abilities and role in battles.,Ground
Scizor,Electric,Scizor is known for its unique abilities and role in battles.,Ground
Scolipede,Ice,Scolipede is known for its unique abilities and role in battles.,"Fire, Fighting, Steel"
Scorbunny,Bug,Scorbunny is known for its unique abilities and role in battles.,"Fire, Flying, Rock"
Scovillain,Bug,Scovillain is known for its unique abilities and role in battles.,"Fire, Flying, Rock"
Scrafty,Bug,Scrafty is known for its unique abilities and role in battles.,"Fire, Flying, Rock"
Scraggy,Psychic,Scraggy is known for its unique abilities and role in battles.,"Bug, Ghost, Dark"
Scream-tail,Dark,Scream-tail is known for its unique abilities and role in battles.,"Fighting, Bug, Fairy"
Scyther,Bug,Scyther is known for its unique abilities and role in battles.,"Fire, Flying, Rock"
Seadra,Electric,Seadra is known for its unique abilities and role in battles.,Ground
Seaking,Fairy,Seaking is known for its unique abilities and role in battles.,"Poison, Steel"
Sealeo,Rock,Sealeo is known for its unique abilities and role in battles.,"Water, Grass, Fighting"
Seedot,Rock,Seedot is known for its unique abilities and role in battles.,"Water, Grass, Fighting"
Seel,Water,Seel is known for its unique abilities and role in battles.,"Electric, Grass"
Seismitoad,Ice,Seismitoad is known for its unique abilities and role in battles.,"Fire, Fighting, Steel"
Sentret,Dragon,Sentret is known for its unique abilities and role in battles.,"Ice, Dragon, Fairy"
Serperior,Rock,Serperior is known for its unique abilities and role in battles.,"Water, Grass, Fighting"
Servine,Dragon,Servine is known for its unique abilities and role in battles.,"Ice, Dragon, Fairy"
Seviper,Dark,Seviper is known for its unique abilities and role in battles.,"Fighting, Bug, Fairy"
Sewaddle,Ice,Sewaddle is known for its unique abilities and role in battles.,"Fire, Fighting, Steel"
Sharpedo,Dragon,Sharpedo is known for its unique abilities and role in battles.,"Ice, Dragon, Fairy"
Shaymin-land,Psychic,Shaymin-land is known for its unique abilities and role in battles.,"Bug, Ghost, Dark"
Shedinja,Fairy,Shedinja is known for its unique abilities and role in battles.,"Poison, Steel"
Shelgon,Fairy,Shelgon is known for its unique abilities and role in battles.,"Poison, Steel"
Shellder,Water,Shellder is known for its unique abilities and role in battles.,"Electric, Grass"
Shellos,Electric,Shellos is known for its unique abilities and role in battles.,Ground
Shelmet,Rock,Shelmet is known for its unique abilities and role in battles.,"Water, Grass, Fighting"
Shieldon,Electric,Shieldon is known for its unique abilities and role in battles.,Ground
Shiftry,Dark,Shiftry is known for its unique abilities and role in battles.,"Fighting, Bug, Fairy"
Shiinotic,Grass,Shiinotic is known for its unique abilities and role in battles.,"Fire, Flying, Poison"
Shinx,Fire,Shinx is known for its unique abilities and role in battles.,"Water, Rock, Ground"
Shroodle,Fire,Shroodle is known for its unique abilities and role in battles.,"Water, Rock, Ground"
Shroomish,Dragon,Shroomish is known for its unique abilities and role in battles.,"Ice, Dragon, Fairy"
Shuckle,Ice,Shuckle is known for its unique abilities and role in battles.,"Fire, Fighting, Steel"
Shuppet,Fire,Shuppet is known for its unique abilities and role in battles.,"Water, Rock, Ground"
Sigilyph,Dark,Sigilyph is known for its unique abilities and role in battles.,"Fighting, Bug, Fairy"
Silcoon,Dark,Silcoon is known for its unique abilities and role in battles.,"Fighting, Bug, Fairy"
Silicobra,Fairy,Silicobra is known for its unique abilities and role in battles.,"Poison, Steel"
Silvally,Dragon,Silvally is known for its unique abilities and role in battles.,"Ice, Dragon, Fairy"
Simipour,Psychic,Simipour is known for its unique abilities and role in battles.,"Bug, Ghost, Dark"
Simisage,Rock,Simisage is known for its unique abilities and role in battles.,"Water, Grass, Fighting"
Simisear,Rock,Simisear is known for its unique abilities and role in battles.,"Water, Grass, Fighting"
Sinistea,Water,Sinistea is known for its unique abilities and role in battles.,"Electric, Grass"
Sirfetchd,Rock,Sirfetchd is known for its unique abilities and role in battles.,"Water, Grass, Fighting"
Sizzlipede,Electric,Sizzlipede is known for its unique abilities and role in battles.,Ground
Skarmory,Water,Skarmory is known for its unique abilities and role in battles.,"Electric, Grass"
Skeledirge,Fairy,Skeledirge is known for its unique abilities and role in battles.,"Poison, Steel"
Skiddo,Dragon,Skiddo is known for its unique abilities and role in battles.,"Ice, Dragon, Fairy"
Skiploom,Ice,Skiploom is known for its unique abilities and role in battles.,"Fire, Fighting, Steel"
Skitty,Grass,Skitty is known for its unique abilities and role in battles.,"Fire, Flying, Poison"
Skorupi,Dragon,Skorupi is known for its unique abilities and role in battles.,"Ice, Dragon, Fairy"
Skrelp,Grass,Skrelp is known for its unique abilities and role in battles.,"Fire, Flying, Poison"
Skuntank,Fire,Skuntank is known for its unique abilities and role in battles.,"Water, Rock, Ground"
Skwovet,Psychic,Skwovet is known for its unique abilities and role in battles.,"Bug, Ghost, Dark"
Slaking,Rock,Slaking is known for its unique abilities and role in battles.,"Water, Grass, Fighting"
Slakoth,Grass,Slakoth is known for its unique abilities and role in battles.,"Fire, Flying, Poison"
Sliggoo,Fairy,Sliggoo is known for its unique abilities and role in battles.,"Poison, Steel"
Slither-wing,Fire,Slither-wing is known for its unique abilities and role in battles.,"Water, Rock, Ground"
Slowbro,Water,Slowbro is known for its unique abilities and role in battles.,"Electric, Grass"
Slowking,Dragon,Slowking is known for its unique abilities and role in battles.,"Ice, Dragon, Fairy"
Slowpoke,Electric,Slowpoke is known for its unique abilities and role in battles.,Ground
Slugma,Grass,Slugma is known for its unique abilities and role in battles.,"Fire, Flying, Poison"
Slurpuff,Psychic,Slurpuff is known for its unique abilities and role in battles.,"Bug, Ghost, Dark"
Smeargle,Ice,Smeargle is known for its unique abilities and role in battles.,"Fire, Fighting, Steel"
Smoliv,Psychic,Smoliv is known for its unique abilities and role in battles.,"Bug, Ghost, Dark"
Smoochum,Grass,Smoochum is known for its unique abilities and role in battles.,"Fire, Flying, Poison"
Sneasel,Electric,Sneasel is known for its unique abilities and role in battles.,Ground
Sneasler,Fairy,Sneasler is known for its unique abilities and role in battles.,"Poison, Steel"
Snivy,Fairy,Snivy is known for its unique abilities and role in battles.,"Poison, Steel"
Snom,Grass,Snom is known for its unique abilities and role in battles.,"Fire, Flying, Poison"
Snorlax,Dark,Snorlax is known for its unique abilities and role in battles.,"Fighting, Bug, Fairy"
Snorunt,Electric,Snorunt is known for its unique abilities and role in battles.,Ground
Snover,Ice,Snover is known for its unique abilities and role in battles.,"Fire, Fighting, Steel"
Snubbull,Dragon,Snubbull is known for its unique abilities and role in battles.,"Ice, Dragon, Fairy"
Sobble,Fairy,Sobble is known for its unique abilities and role in battles.,"Poison, Steel"
Solgaleo,Ice,Solgaleo is known for its unique abilities and role in battles.,"Fire, Fighting, Steel"
Solosis,Dark,Solosis is known for its unique abilities and role in battles.,"Fighting, Bug, Fairy"
Solrock,Fire,Solrock is known for its unique abilities and role in battles.,"Water, Rock, Ground"
Spearow,Ice,Spearow is known for its unique abilities and role in battles.,"Fire, Fighting, Steel"
Spectrier,Fairy,Spectrier is known for its unique abilities and role in battles.,"Poison, Steel"
Spewpa,Bug,Spewpa is known for its unique abilities and role in battles.,"Fire, Flying, Rock"
Spheal,Psychic,Spheal is known for its unique abilities and role in battles.,"Bug, Ghost, Dark"
Spidops,Rock,Spidops is known for its unique abilities and role in battles.,"Water, Grass, Fighting"
Spinarak,Fire,Spinarak is known for its unique abilities and role in battles.,"Water, Rock, Ground"
Spinda,Fairy,Spinda is known for its unique abilities and role in battles.,"Poison, Steel"
Spiritomb,Electric,Spiritomb is known for its unique abilities and role in battles.,Ground
Spoink,Bug,Spoink is known for its unique abilities and role in battles.,"Fire, Flying, Rock"
Sprigatito,Fairy,Sprigatito is known for its unique abilities and role in battles.,"Poison, Steel"
Spritzee,Fairy,Spritzee is known for its unique abilities and role in battles.,"Poison, Steel"
Squawkabilly-green-plumage,Dragon,Squawkabilly-green-plumage is known for its unique abilities and role in battles.,"Ice, Dragon, Fairy"
Squirtle,Water,Squirtle is known for its unique abilities and role in battles.,"Electric, Grass"
Stakataka,Fairy,Stakataka is known for its unique abilities and role in battles.,"Poison, Steel"
Stantler,Rock,Stantler is known for its unique abilities and role in battles.,"Water, Grass, Fighting"
Staraptor,Electric,Staraptor is known for its unique abilities and role in battles.,Ground
Staravia,Rock,Staravia is known for its unique abilities and role in battles.,"Water, Grass, Fighting"
Starly,Electric,Starly is known for its unique abilities and role in battles.,Ground
Starmie,Dragon,Starmie is known for its unique abilities and role in battles.,"Ice, Dragon, Fairy"
Staryu,Fairy,Staryu is known for its unique abilities and role in battles.,"Poison, Steel"
Steelix,Ice,Steelix is known for its unique abilities and role in battles.,"Fire, Fighting, Steel"
Steenee,Psychic,Steenee is known for its unique abilities and role in battles.,"Bug, Ghost, Dark"
Stonjourner,Psychic,Stonjourner is known for its unique abilities and role in battles.,"Bug, Ghost, Dark"
Stoutland,Rock,Stoutland is known for its unique abilities and role in battles.,"Water, Grass, Fighting"
Stufful,Fire,Stufful is known for its unique abilities and role in battles.,"Water, Rock, Ground"
Stunfisk,Fairy,Stunfisk is known for its unique abilities and role in battles.,"Poison, Steel"
Stunky,Dark,Stunky is known for its unique abilities and role in battles.,"Fighting, Bug, Fairy"
Sudowoodo,Ice,Sudowoodo is known for its unique abilities and role in battles.,"Fire, Fighting, Steel"
Suicune,Rock,Suicune is known for its unique abilities and role in battles.,"Water, Grass, Fighting"
Sunflora,Psychic,Sunflora is known for its unique abilities and role in battles.,"Bug, Ghost, Dark"
Sunkern,Grass,Sunkern is known for its unique abilities and role in battles.,"Fire, Flying, Poison"
Surskit,Dragon,Surskit is known for its unique abilities and role in battles.,"Ice, Dragon, Fairy"
Swablu,Fire,Swablu is known for its unique abilities and role in battles.,"Water, Rock, Ground"
Swadloon,Water,Swadloon is known for its unique abilities and role in battles.,"Electric, Grass"
Swalot,Fire,Swalot is known for its unique abilities and role in battles.,"Water, Rock, Ground"
Swampert,Fire,Swampert is known for its unique abilities and role in battles.,"Water, Rock, Ground"
Swanna,Water,Swanna is known for its unique abilities and role in battles.,"Electric, Grass"
Swellow,Dragon,Swellow is known for its unique abilities and role in battles.,"Ice, Dragon, Fairy"
Swinub,Dragon,Swinub is known for its unique abilities and role in battles.,"Ice, Dragon, Fairy"
Swirlix,Bug,Swirlix is known for its unique abilities and role in battles.,"Fire, Flying, Rock"
Swoobat,Bug,Swoobat is known for its unique abilities and role in battles.,"Fire, Flying, Rock"
Sylveon,Ice,Sylveon is known for its unique abilities and role in battles.,"Fire, Fighting, Steel"
Tadbulb,Fire,Tadbulb is known for its unique abilities and role in battles.,"Water, Rock, Ground"
Taillow,Water,Taillow is known for its unique abilities and role in battles.,"Electric, Grass"
Talonflame,Ice,Talonflame is known for its unique abilities and role in battles.,"Fire, Fighting, Steel"
Tandemaus,Rock,Tandemaus is known for its unique abilities and role in battles.,"Water, Grass, Fighting"
Tangela,Electric,Tangela is known for its unique abilities and role in battles.,Ground
Tangrowth,Electric,Tangrowth is known for its unique abilities and role in battles.,Ground
Tapu-bulu,Grass,Tapu-bulu is known for its unique abilities and role in battles.,"Fire, Flying, Poison"
Tapu-fini,Ice,Tapu-fini is known for its unique abilities and role in battles.,"Fire, Fighting, Steel"
Tapu-koko,Bug,Tapu-koko is known for its unique abilities and role in battles.,"Fire, Flying, Rock"
Tapu-lele,Dark,Tapu-lele is known for its unique abilities and role in battles.,"Fighting, Bug, Fairy"
Tarountula,Psychic,Tarountula is known for its unique abilities and role in battles.,"Bug, Ghost, Dark"
Tatsugiri-curly,Dragon,Tatsugiri-curly is known for its unique abilities and role in battles.,"Ice, Dragon, Fairy"
Tauros,Rock,Tauros is known for its unique abilities and role in battles.,"Water, Grass, Fighting"
Teddiursa,Grass,Teddiursa is known for its unique abilities and role in battles.,"Fire, Flying, Poison"
Tentacool,Ice,Tentacool is known for its unique abilities and role in battles.,"Fire, Fighting, Steel"
Tentacruel,Grass,Tentacruel is known for its unique abilities and role in battles.,"Fire, Flying, Poison"
Tepig,Bug,Tepig is known for its unique abilities and role in battles.,"Fire, Flying, Rock"
Terrakion,Ice,Terrakion is known for its unique abilities and role in battles.,"Fire, Fighting, Steel"
Thievul,Fairy,Thievul is known for its unique abilities and role in battles.,"Poison, Steel"
Throh,Dragon,Throh is known for its unique abilities and role in battles.,"Ice, Dragon, Fairy"
Thundurus-incarnate,Dragon,Thundurus-incarnate is known for its unique abilities and role in battles.,"Ice, Dragon, Fairy"
Thwackey,Ice,Thwackey is known for its unique abilities and role in battles.,"Fire, Fighting, Steel"
Timburr,Fairy,Timburr is known for its unique abilities and role in battles.,"Poison, Steel"
Tinkatink,Rock,Tinkatink is known for its unique abilities and role in battles.,"Water, Grass, Fighting"
Tinkaton,Bug,Tinkaton is known for its unique abilities and role in battles.,"Fire, Flying, Rock"
Tinkatuff,Bug,Tinkatuff is known for its unique abilities and role in battles.,"Fire, Flying, Rock"
Tirtouga,Water,Tirtouga is known for its unique abilities and role in battles.,"Electric, Grass"
Toedscool,Water,Toedscool is known for its unique abilities and role in battles.,"Electric, Grass"
Toedscruel,Rock,Toedscruel is known for its unique abilities and role in battles.,"Water, Grass, Fighting"
Togedemaru,Psychic,Togedemaru is known for its unique abilities and role in battles.,"Bug, Ghost, Dark"
Togekiss,Fire,Togekiss is known for its unique abilities and role in battles.,"Water, Rock, Ground"
Togepi,Bug,Togepi is known for its unique abilities and role in battles.,"Fire, Flying, Rock"
Togetic,Electric,Togetic is known for its unique abilities and role in battles.,Ground
Torchic,Fairy,Torchic is known for its unique abilities and role in battles.,"Poison, Steel"
Torkoal,Electric,Torkoal is known for its unique abilities and role in battles.,Ground
Tornadus-incarnate,Dark,Tornadus-incarnate is known for its unique abilities and role in battles.,"Fighting, Bug, Fairy"
Torracat,Electric,Torracat is known for its unique abilities and role in battles.,Ground
Torterra,Rock,Torterra is known for its unique abilities and role in battles.,"Water, Grass, Fighting"
Totodile,Fairy,Totodile is known for its unique abilities and role in battles.,"Poison, Steel"
Toucannon,Electric,Toucannon is known for its unique abilities and role in battles.,Ground
Toxapex,Grass,Toxapex is known for its unique abilities and role in battles.,"Fire, Flying, Poison"
Toxel,Ice,Toxel is known for its unique abilities and role in battles.,"Fire, Fighting, Steel"
Toxicroak,Dragon,Toxicroak is known for its unique abilities and role in battles.,"Ice, Dragon, Fairy"
Toxtricity-amped,Water,Toxtricity-amped is known for its unique abilities and role in battles.,"Electric, Grass"
Tranquill,Rock,Tranquill is known for its unique abilities and role in battles.,"Water, Grass, Fighting"
Trapinch,Psychic,Trapinch is known for its unique abilities and role in battles.,"Bug, Ghost, Dark"
Treecko,Fire,Treecko is known for its unique abilities and role in battles.,"Water, Rock, Ground"
Trevenant,Rock,Trevenant is known for its unique abilities and role in battles.,"Water, Grass, Fighting"
Tropius,Water,Tropius is known for its unique abilities and role in battles.,"Electric, Grass"
Trubbish,Fairy,Trubbish is known for its unique abilities and role in battles.,"Poison, Steel"
Trumbeak,Ice,Trumbeak is known for its unique abilities and role in battles.,"Fire, Fighting, Steel"
Tsareena,Dark,Tsareena is known for its unique abilities and role in battles.,"Fighting, Bug, Fairy"
Turtonator,Psychic,Turtonator is known for its unique abilities and role in battles.,"Bug, Ghost, Dark"
Turtwig,Dark,Turtwig is known for its unique abilities and role in battles.,"Fighting, Bug, Fairy"
Tympole,Grass,Tympole is known for its unique abilities and role in battles.,"Fire, Flying, Poison"
Tynamo,Fairy,Tynamo is known for its unique abilities and role in battles.,"Poison, Steel"
Type-null,Ice,Type-null is known for its unique abilities and role in battles.,"Fire, Fighting, Steel"
Typhlosion,Water,Typhlosion is known for its unique abilities and role in battles.,"Electric, Grass"
Tyranitar,Ice,Tyranitar is known for its unique abilities and role in battles.,"Fire, Fighting, Steel"
Tyrantrum,Electric,Tyrantrum is known for its unique abilities and role in battles.,Ground
Tyrogue,Grass,Tyrogue is known for its unique abilities and role in battles.,"Fire, Flying, Poison"
Tyrunt,Ice,Tyrunt is known for its unique abilities and role in battles.,"Fire, Fighting, Steel"
Umbreon,Rock,Umbreon is known for its unique abilities and role in battles.,"Water, Grass, Fighting"
Unfezant,Electric,Unfezant is known for its unique abilities and role in battles.,Ground
Unown,Bug,Unown is known for its unique abilities and role in battles.,"Fire, Flying, Rock"
Ursaluna,Dark,Ursaluna is known for its unique abilities and role in battles.,"Fighting, Bug, Fairy"
Ursaring,Fairy,Ursaring is known for its unique abilities and role in battles.,"Poison, Steel"
Urshifu-single-strike,Grass,Urshifu-single-strike is known for its unique abilities and role in battles.,"Fire, Flying, Poison"
Uxie,Fairy,Uxie is known for its unique abilities and role in battles.,"Poison, Steel"
Vanillish,Bug,Vanillish is known for its unique abilities and role in battles.,"Fire, Flying, Rock"
Vanillite,Bug,Vanillite is known for its unique abilities and role in battles.,"Fire, Flying, Rock"
Vanilluxe,Dark,Vanilluxe is known for its unique abilities and role in battles.,"Fighting, Bug, Fairy"
Vaporeon,Psychic,Vaporeon is known for its unique abilities and role in battles.,"Bug, Ghost, Dark"
Varoom,Dragon,Varoom is known for its unique abilities and role in battles.,"Ice, Dragon, Fairy"
Veluza,Ice,Veluza is known for its unique abilities and role in battles.,"Fire, Fighting, Steel"
Venipede,Water,Venipede is known for its unique abilities and role in battles.,"Electric, Grass"
Venomoth,Water,Venomoth is known for its unique abilities and role in battles.,"Electric, Grass"
Venonat,Electric,Venonat is known for its unique abilities and role in battles.,Ground
Venusaur,Electric,Venusaur is known for its unique abilities and role in battles.,Ground
Vespiquen,Fairy,Vespiquen is known for its unique abilities and role in battles.,"Poison, Steel"
Vibrava,Fire,Vibrava is known for its unique abilities and role in battles.,"Water, Rock, Ground"
Victini,Dark,Victini is known for its unique abilities and role in battles.,"Fighting, Bug, Fairy"
Victreebel,Fairy,Victreebel is known for its unique abilities and role in battles.,"Poison, Steel"
Vigoroth,Ice,Vigoroth is known for its unique abilities and role in battles.,"Fire, Fighting, Steel"
Vikavolt,Dark,Vikavolt is known for its unique abilities and role in battles.,"Fighting, Bug, Fairy"
Vileplume,Psychic,Vileplume is known for its unique abilities and role in battles.,"Bug, Ghost, Dark"
Virizion,Electric,Virizion is known for its unique abilities and role in battles.,Ground
Vivillon,Ice,Vivillon is known for its unique abilities and role in battles.,"Fire, Fighting, Steel"
Volbeat,Dark,Volbeat is known for its unique abilities and role in battles.,"Fighting, Bug, Fairy"
Volcanion,Psychic,Volcanion is known for its unique abilities and role in battles.,"Bug, Ghost, Dark"
Volcarona,Psychic,Volcarona is known for its unique abilities and role in battles.,"Bug, Ghost, Dark"
Voltorb,Grass,Voltorb is known for its unique abilities and role in battles.,"Fire, Flying, Poison"
Vullaby,Ice,Vullaby is known for its unique abilities and role in battles.,"Fire, Fighting, Steel"
Vulpix,Electric,Vulpix is known for its unique abilities and role in battles.,Ground
Wailmer,Bug,Wailmer is known for its unique abilities and role in battles.,"Fire, Flying, Rock"
Wailord,Dragon,Wailord is known for its unique abilities and role in battles.,"Ice, Dragon, Fairy"
Walrein,Dark,Walrein is known for its unique abilities and role in battles.,"Fighting, Bug, Fairy"
Wartortle,Electric,Wartortle is known for its unique abilities and role in battles.,Ground
Watchog,Dragon,Watchog is known for its unique abilities and role in battles.,"Ice, Dragon, Fairy"
Wattrel,Fire,Wattrel is known for its unique abilities and role in battles.,"Water, Rock, Ground"
Weavile,Fire,Weavile is known for its unique abilities and role in battles.,"Water, Rock, Ground"
Weedle,Fire,Weedle is known for its unique abilities and role in battles.,"Water, Rock, Ground"
Weepinbell,Fire,Weepinbell is known for its unique abilities and role in battles.,"Water, Rock, Ground"
Weezing,Fire,Weezing is known for its unique abilities and role in battles.,"Water, Rock, Ground"
Whimsicott,Fire,Whimsicott is known for its unique abilities and role in battles.,"Water, Rock, Ground"
Whirlipede,Fire,Whirlipede is known for its unique abilities and role in battles.,"Water, Rock, Ground"
Whiscash,Dragon,Whiscash is known for its unique abilities and role in battles.,"Ice, Dragon, Fairy"
Whismur,Grass,Whismur is known for its unique abilities and role in battles.,"Fire, Flying, Poison"
Wigglytuff,Electric,Wigglytuff is known for its unique abilities and role in battles.,Ground
Wiglett,Ice,Wiglett is known for its unique abilities and role in battles.,"Fire, Fighting, Steel"
Wimpod,Ice,Wimpod is known for its unique abilities and role in battles.,"Fire, Fighting, Steel"
Wingull,Fire,Wingull is known for its unique abilities and role in battles.,"Water, Rock, Ground"
Wishiwashi-solo,Fire,Wishiwashi-solo is known for its unique abilities and role in battles.,"Water, Rock, Ground"
Wobbuffet,Psychic,Wobbuffet is known for its unique abilities and role in battles.,"Bug, Ghost, Dark"
Woobat,Fire,Woobat is known for its unique abilities and role in battles.,"Water, Rock, Ground"
Wooloo,Fairy,Wooloo is known for its unique abilities and role in battles.,"Poison, Steel"
Wooper,Water,Wooper is known for its unique abilities and role in battles.,"Electric, Grass"
Wormadam-plant,Dragon,Wormadam-plant is known for its unique abilities and role in battles.,"Ice, Dragon, Fairy"
Wugtrio,Electric,Wugtrio is known for its unique abilities and role in battles.,Ground
Wurmple,Water,Wurmple is known for its unique abilities and role in battles.,"Electric, Grass"
Wynaut,Ice,Wynaut is known for its unique abilities and role in battles.,"Fire, Fighting, Steel"
Wyrdeer,Dragon,Wyrdeer is known for its unique abilities and role in battles.,"Ice, Dragon, Fairy"
Xatu,Dragon,Xatu is known for its unique abilities and role in battles.,"Ice, Dragon, Fairy"
Xerneas,Fire,Xerneas is known for its unique abilities and role in battles.,"Water, Rock, Ground"
Xurkitree,Rock,Xurkitree is known for its unique abilities and role in battles.,"Water, Grass, Fighting"
Yamask,Electric,Yamask is known for its unique abilities and role in battles.,Ground
Yamper,Fire,Yamper is known for its unique abilities and role in battles.,"Water, Rock, Ground"
Yanma,Ice,Yanma is known for its unique abilities and role in battles.,"Fire, Fighting, Steel"
Yanmega,Grass,Yanmega is known for its unique abilities and role in battles.,"Fire, Flying, Poison"
Yungoos,Rock,Yungoos is known for its unique abilities and role in battles.,"Water, Grass, Fighting"
Yveltal,Rock,Yveltal is known for its unique abilities and role in battles.,"Water, Grass, Fighting"
Zacian,Electric,Zacian is known for its unique abilities and role in battles.,Ground
Zamazenta,Ice,Zamazenta is known for its unique abilities and role in battles.,"Fire, Fighting, Steel"
Zangoose,Grass,Zangoose is known for its unique abilities and role in battles.,"Fire, Flying, Poison"
Zapdos,Dragon,Zapdos is known for its unique abilities and role in battles.,"Ice, Dragon, Fairy"
Zarude,Rock,Zarude is known for its unique abilities and role in battles.,"Water, Grass, Fighting"
Zebstrika,Water,Zebstrika is known for its unique abilities and role in battles.,"Electric, Grass"
Zekrom,Fairy,Zekrom is known for its unique abilities and role in battles.,"Poison, Steel"
Zeraora,Bug,Zeraora is known for its unique abilities and role in battles.,"Fire, Flying, Rock"
Zigzagoon,Water,Zigzagoon is known for its unique abilities and role in battles.,"Electric, Grass"
Zoroark,Fairy,Zoroark is known for its unique abilities and role in battles.,"Poison, Steel"
Zorua,Dark,Zorua is known for its unique abilities and role in battles.,"Fighting, Bug, Fairy"
Zubat,Psychic,Zubat is known for its unique abilities and role in battles.,"Bug, Ghost, Dark"
Zweilous,Grass,Zweilous is known for its unique abilities and role in battles.,"Fire, Flying, Poison"
Zygarde-50,Fire,Zygarde-50 is known for its unique abilities and role in battles.,"Water, Rock, Ground"
